EnterpriseID,LAST,FIRST,MIDDLE,SUFFIX,DOB,GENDER,SSN,ADDRESS1,ADDRESS2,ZIP,MOTHERS_MAIDEN_NAME,MRN,CITY,STATE,PHONE,PHONE2,EMAIL,ALIAS
15117513,RICHARDSON,GARY,,,6/2/1922,F,852-08-7186,70 BARUCH DR,,10002,,3578570,NEW YORK,NY,929-565-1279,,,
15117518,RICHARDSON,ROBERT,,,9/20/1939,M,852-08-7186,45 ALLEN ST,2C,10002,,1854649,NEW YORK,NY,718-905-7587,,,
,,,,,,,,,,,,,,,,,,
13787290,BURTON,CHANTEL,JINNY,,10/6/2005,F,869-95-0325,108 WEST 141ST ST,72,10030,,,NY,NY,860-862-8207,,,
13787293,SIMONSON,KIP,JEFFREY,,10/6/2005,M,869-95-0325,260 WEST 131ST ST,13C,10027,,,NY,NY,917-217-5369,,,
,,,,,,,,,,,,,,,,,,
12370068,LODATO,LYNN,,,4/29/1974,F,879-57-3579,219 EAST 121ST ST,,10035,,,NEW YORK,NY,934-270-8430,,LLODATO@AMGGT.COM,
12370074,DRAGOVICH,MATTHEW,,,4/29/1974,M,879-57-3579,2015 MADISON AVE,PH,10035,,,NEW YORK,NY,347-256-4719,,,
,,,,,,,,,,,,,,,,,,
12326675,SMITH,COLLEEN,,,11/24/1974,F,816-35-5130,1237 EAST 89TH ST,2FL,11236,,4003371,BROOKLYN,NY,862-904-4634,,CSMITH@AMGGT.COM,COLLEEN JAMES SMITH
12326681,SMITH,WILLIAM,JAMES,,2/3/1975,M,816-35-5130,948 MONTGOMERY ST,1FL,11213,,2656550,BROOKLYN,NY,201-435-9821,,,
,,,,,,,,,,,,,,,,,,
13140799,JACKSON,MICHELLE,,,2/19/1939,F,829-14-8980,773 44TH ST,B2,11220,,,BROOKLYN,NY,516-931-2153,,MJACKSON@AMGGT.COM,
13140801,JACKSON,DENNIS,JEFFREY,,2/24/1995,M,829-14-8980,285 E95TH ST,2R,11212,,2964822,BROOKLYN,NY,610-687-2725,,,CLARENCE JOSE MOSER
,,,,,,,,,,,,,,,,,,
13256632,LYNN,GINA,,,11/20/1993,F,805-07-9402,456 RUTLAND RD,PH,11203,,,BROOKLYN,NY,,,,
13256638,LYNN,DAVID,CHARLES,,8/23/1938,M,805-07-9402,865 JENNINGS AVE,PH,10459,,,BRONX,NY,609-822-9094,,,
,,,,,,,,,,,,,,,,,,
14563522,JACKSON,DOROTHY,,,11/22/1937,F,852-76-3768,253 WEST 254TH ST,PH,10471,,,BRONX,NY,862-560-1158,,,
14563528,JACKSON,LOUIS,JAMES,,7/29/1968,M,852-76-3768,990 ANERSON AVE,2D,10452,,,BRONX,NY,484-682-6713,,,
,,,,,,,,,,,,,,,,,,
12221355,ANDERSON,DANA,,,7/10/2011,F,896-20-2804,10809 159TH ST,X,11433,,,JAMAICA,NY,267-664-5955,,DANDERSON@AMGGT.COM,
12221357,MILLER,DANA,ALLAN,II,6/8/1953,M,896-20-2804,60 WEST 190TH ST,3A,10468,,4396706,BRONX,NY,959-614-3395,267-664-5955,,
,,,,,,,,,,,,,,,,,,
13979554,NGUYEN,NINA,,,9/14/1974,F,847-33-9804,288 HIMROD ST,3L,11237,FABIAN,3774298,BROOKLYN,NY,609-812-9548,,NNGUYEN@AMGGT.COM,
13979560,NGUYEN,PAUL,ROBERT,,11/24/2006,M,847-33-9804,310 ALANTIC AVE,,11223,,3634573,BROOKLYN,NY,551-210-4061,,,
,,,,,,,,,,,,,,,,,,
12714525,CAMACHO,NATASHA,,,10/24/1942,F,881-12-2894,924 DALY BEZ AVE,2F,10460,,,BRONX,NY,973-690-6257,,NCAMACHO@AMGGT.COM,
12714531,CAMACHO,JEFFREY,,,9/18/1962,M,881-12-2894,8769 172ND ST,2,11432,,,JAMAICA,NY,267-514-9798,973-690-6257,,
,,,,,,,,,,,,,,,,,,
12789548,SMITH,PRISCILLA,,,2/23/1988,,819-95-4771,474 LK PT DR,,11953,,934216,MIDDLE ISLAND,NY,570-770-2020,,,
12789552,SMITH,EDWARD,WILLIAM,,9/13/1923,M,819-95-4771,270 PULASKI ST,5E,11206,,2385553,BROOKLYN,NY,959-364-8487,,,
,,,,,,,,,,,,,,,,,,
15707109,GANT,ELIJAH,,,5/5/1986,M,823-90-7564,1460 BRONX RIVER AVENUE,8C,10472,ROYSTON,619247,BRONX,NY,484-367-4497,484-367-4497,EGANT@AMGGT.COM,
15975139,GANT,TAMARA,,,5/5/1986,F,823-90-7564,,,,,619188,,,908-789-5131,908-789-5131,,
,,,,,,,,,,,,,,,,,,
15918044,THOMAS,SANDRA,,,12/7/1946,F,855-93-3423,,,,,131064,,,518-228-2637,518-228-2637,,
16015037,FRILEY,AMY,GAIL,,12/7/1946,F,855-93-3423,3742 PITKINS AVENUE,B5,11208,,131010,BROOKLYN,NY,718-162-9716,718-162-9716,AFRILEY@AMGGT.COM,
,,,,,,,,,,,,,,,,,,
15444161,PIERRELOUIS,EVA,,,12/15/1963,F,892-85-3155,337 E 26TH STREET,BMST,11226,,599524,BROOKLYN,NY,610-338-4901,610-338-4901,,
15932040,PIERRELOUIS,JACOB,LOUIS,,12/15/1963,M,892-85-3155,,,,,599507,,,484-101-6832,732-894-7173^^484-101-6832,,
,,,,,,,,,,,,,,,,,,
15396358,WOOTEN,LARRY,RAYMOND,,12/12/1980,M,895-49-7547,812 MAPLE STREET,PH,11203,,568574,BROOKLYN,NY,718-343-6423,718-343-6423,LWOOTEN@AMGGT.COM,
15726519,WOOTEN,TERESA,,,12/12/1980,F,895-49-7547,,,,,568620,,,551-864-6647,551-864-6647,,
,,,,,,,,,,,,,,,,,,
15656259,SCOTT,ELIZABETH,TAMEKA,,12/28/2001,F,896-20-7536,,,,,,,,516-578-8203,516-578-8203,,
15915414,SCOTT,MARVIN,,,12/28/2001,M,896-20-7536,,,,KOUR,,,,484-225-3310,484-225-3310,MSCOTT@AMGGT.COM,
,,,,,,,,,,,,,,,,,,
15903084,PAULEY,CAROLYN,,,12/30/1994,F,822-21-2120,,,,,916201,,,860-184-8579,860-184-8579,,
16020989,PAULEY,CHARLES,,,12/30/1994,M,822-21-2120,,,,,916370,,,917-765-1658,917-765-1658,CPAULEY@AMGGT.COM,
,,,,,,,,,,,,,,,,,,
12926085,SMITH,MARYJANE,,,2/26/1996,F,873-38-9811,53 VERMILYEA AVE,4A,10034,,,NEW YORK,NY,570-864-5139,,MSMITH@AMGGT.COM,
12926091,SMITH,MICHAEL,,,1/26/2015,M,873-38-9811,5011 184TH ST,PH,11365,,4466927,FRESH MEADOWS,NY,570-901-3590,,,
,,,,,,,,,,,,,,,,,,
14893281,MOORE,CHRISTA,,,10/4/1922,F,874-58-4690,3607 STEINWAY ST,3-R,11101,,,LONG ISLAND CTY,NY,862-466-3564,,,
14893283,MOORE,EDGAR,,,1/19/1924,M,874-58-4690,4525 48TH ST,4A,11377,,,WOODSIDE,NY,959-365-1245,,,
,,,,,,,,,,,,,,,,,,
15576558,FINNEL,BRISEIDA,,,8/24/1996,F,839-51-3944,,,,,562023,,,848-138-6335,848-138-6335,,
15939149,FINNEL,PERRY,STEVEN,,8/24/1996,M,839-51-3944,2018 MONTEREY AVENUE,1N,10457,,562013,BRONX,NY,860-115-7907,860-115-7907,PFINNEL@AMGGT.COM,
,,,,,,,,,,,,,,,,,,
15547614,HOLCOMB,ALLEN,,,6/26/2008,M,821-03-7423,,,,,,,,212-553-7462,212-553-7462,,
15679666,HOLCOMB,MARYANN,DEBORAH,,6/26/2008,F,821-03-7423,,,,,,,,732-259-6423,732-259-6423,,
,,,,,,,,,,,,,,,,,,
12750974,JACKSON,SILIVIYA,,,9/13/2014,F,824-19-2653,2752 WALLACE AVE,APT1,10467,,,BRONX,NY,848-487-3795,,,
12750980,JACKSON,JAMES,GEOFFREY,,3/10/1927,M,824-19-2653,3130 IRWIN AVE,8G,10463,,2471936,BX,NY,267-930-6605,,,
,,,,,,,,,,,,,,,,,,
15906184,MIRANDA,JANE,,,4/7/1995,F,857-08-9933,947 MONTGOMERY STREET,17B,11213,,117937,BROOKLYN,NY,848-980-6737,848-980-6737,,
15914935,SHEPHERD,LELA,,,4/7/1995,F,857-08-9933,,,,,117927,,,908-296-4236,908-296-4236,,
,,,,,,,,,,,,,,,,,,
14609390,BORLAND,HEIDI,,,11/8/1935,U,884-53-3769,10 AMBOY ST,2K,11212,,,BROOKLYN,NY,201-179-7985,,,
14609392,FERGUS,THOMAS,,,11/8/1935,M,884-53-3769,60 E 102 ST,1A,10029,,981558,NEW YORK,NY,973-795-7965,,,
,,,,,,,,,,,,,,,,,,
13929472,GONZALEZ,ANNETTE,,,11/9/1987,F,849-27-7184,1420 GTWY BLVD,5B,11691,,,FAR ROCKAWAY,NY,718-332-5229,,AGONZALEZ@AMGGT.COM,
13929483,GONZALEZ,JEFFERY,JESUS,,2/22/1991,M,849-27-7184,1902 BEVERLY RD,3D,11226,,1234246,BROOKLYN,NY,484-760-8478,,,
,,,,,,,,,,,,,,,,,,
15578518,SARWAY,MARK,,,3/29/1995,M,848-61-3153,,,,,,,,,,,STANLEY KAMINSKY
15927299,SARWAY,SUSAN,,,3/29/1995,F,848-61-3153,4129 71 STREET,,11377,,757535,FLUSHING,NY,203-342-5541,203-342-5541,,
,,,,,,,,,,,,,,,,,,
14723083,MCCORMICK,MARY,G,,6/16/1992,F,875-46-2957,5 LUBBER STREET,,11790,,,STONY BROOK,NY,516-829-9361,,MMCCORMICK@AMGGT.COM,
14723088,MCCORMICK,JONATHAN,ALPHONSO,,4/26/1967,M,875-46-2957,440EAST 88TH ST,4-D,10128,,,NEW YORK,NY,917-956-9699,,,
,,,,,,,,,,,,,,,,,,
15537018,ANDERSON,KELLY,,,7/21/1995,F,883-89-6221,,,,,674639,,,631-583-7985,631-583-7985,,
15736172,ANDERSON,MARK,ISAIAH,,7/21/1995,M,883-89-6221,454 E 105 STREET,1B,10029,,674641,NEW YORK,NY,609-296-1302,609-296-1302,,
,,,,,,,,,,,,,,,,,,
13517242,PEREZ,ALTA,MARY,,5/10/1968,F,823-05-0841,219 E121ST,,10035,LEE,,NEW YORK,NY,908-806-8934,,APEREZ@AMGGT.COM,
13517246,PEREZ,GABRIEL,,,11/28/1955,M,823-05-0841,971 EAST 87TH ST,206,11236,,581998,BROOKLYN,NY,862-875-1303,,,
,,,,,,,,,,,,,,,,,,
12977496,MARTINEZ,TYISHA,,,4/16/2001,F,890-21-5756,4040 79TH ST,C102,11373,,2079974,ELMHURST,NY,908-119-6702,,TMARTINEZ@AMGGT.COM,
12977497,MARTINEZ,IVAN,,,3/25/1997,M,890-21-5756,2530 FOSTER AVE,1C,11210,,1185917,BROOKLYN,NY,862-343-6443,,,
,,,,,,,,,,,,,,,,,,
15519520,LIAW,AMRIELLE,,,11/17/1997,F,841-07-5883,,,,,,,,212-559-3464,212-559-3464,,
15738350,LIAW,ULISES,,,11/17/1997,M,841-07-5883,1201 PENNSYLVANIA AVENUE,20H,11239,,,BROOKLYN,NY,862-924-6572,862-924-6572,,
,,,,,,,,,,,,,,,,,,
15416280,RUMNEY,TIMOTHY,ALAN,,7/8/1968,M,870-53-6371,10916 176 STREET,2FLR,11433,,660952,JAMAICA,NY,,,TRUMNEY@AMGGT.COM,
15778150,RUMNEY,MARY,,,7/8/1968,F,870-53-6371,,,,,660931,,,203-869-5176,203-869-5176,,
,,,,,,,,,,,,,,,,,,
15772030,CONFORTI,NICOLE,,,5/3/1950,F,842-65-1437,2243 CROPSEY AVENUE,A13,11214,,488386,BROOKLYN,NY,212-648-7544,212-648-7544,,
15966714,CONFORTI,KEVIN,,,5/3/1950,M,842-65-1437,1025 MALCOLM CIRCLE,H,21030,,488374,COCKEYSVILLE,MD,203-483-2731,203-483-2731,,
,,,,,,,,,,,,,,,,,,
15430710,BARNARD,FRANKLIN,MANUEL,,11/20/1995,M,854-14-7992,,,,,194506,,,212-764-4899,212-764-4899,,
15629707,BARNARD,KENNETH,,,12/20/1995,M,854-14-7992,1667 MADISON STREET,3R,11385,,194487,GLENDALE,NY,959-180-5282,959-180-5282,,
,,,,,,,,,,,,,,,,,,
15601680,HUFF,JEREMY,,,12/23/1937,M,865-58-7136,966 EAST 96TH STREET,PVT,11236,HICKS,4779584,BROOKLYN,NY,570-493-7399,,JHUFF@AMGGT.COM,
15989167,HUFF,JULIO,PHILIP,,10/23/1937,M,856-58-7136,,,,,4779601,,,570-493-7399,,,
,,,,,,,,,,,,,,,,,,
15526532,CONTI,ALICE,,,10/22/2005,F,863-43-6116,,,,,875355,,,201-866-3512,201-866-3512,,
15679212,CONTI,ANTHONY,VINCENT,,10/22/2005,M,863-43-6116,,,,FINN,875928,,,551-774-6045,551-774-6045,ACONTI@AMGGT.COM,
,,,,,,,,,,,,,,,,,,
15159270,DIAZ,JACQUELINE,,,4/2/2014,F,890-75-1515,1362 NEW YORK AVE,5F,11216,,,BROOKLYN,NY,917-247-4468,,,
15159275,DIAZ,JOHN,H,,11/21/2005,M,890-75-1515,103 SUNSET BOULEVARD,,117921049,,,WADING RIVER,NY,929-749-1624,,,
,,,,,,,,,,,,,,,,,,
15896650,FIOREPOWELL,AMRI,,,12/1/1971,F,872-32-3432,916 PROSPECT PLACE,3L,,,1556567,,,551-541-6945,551-541-6945,,AMRI TRAHAN
15945058,SPRIGGS,AMRI,ELIZABETH,,12/1/1971,U,872-32-3432,451 CLARKSON AVENUE,6ED,11203,,1556585,BROOKLYN,NY,959-512-7122,959-512-7122,ASPRIGGS@AMGGT.COM,
,,,,,,,,,,,,,,,,,,
14143370,RHODES,CHRISTOPHER,,,9/23/2010,F,825-42-4474,8433 26ST,PH,11001,HANEN,,FLORAL PARK,NY,201-356-7980,,CRHODES@AMGGT.COM,
14143373,BRIONES,CHRISTOPHER,,,6/23/1994,M,825-42-4474,594 ALBANY AVE,0,11203,,,BROOKLYN,NY,862-758-1059,,,
,,,,,,,,,,,,,,,,,,
15618290,HILLOCK,NATALEE,N,,12/12/1939,F,853-34-1042,,,,,414744,,,917-905-4386,917-905-4386,,
15752858,HILLOCK,JACE,,,12/12/1939,M,853-34-1042,273 SMITH STREET,2 FL,11231,,414689,BROOKLYN,NY,570-497-6279,570-497-6279,,
,,,,,,,,,,,,,,,,,,
15918761,HEINIG,RIKKA,ADAM,,11/12/1924,M,883-65-1102,1048 E 180TH STREET,5K,10460,GRAVATT,223916,BRONX,NY,718-703-6132,718-703-6132,RHEINIG@AMGGT.COM,
16018325,HEINIG,JAN,,,11/11/1924,M,883-65-1102,,,,,223930,,,862-461-5211,862-461-5211,,
,,,,,,,,,,,,,,,,,,
15758308,COLLMAN,MELISSA,LENA,,10/23/1990,F,855-43-6686,,,,,680701,,,973-651-8152,973-651-8152,MCOLLMAN@AMGGT.COM,
15963497,COLLMAN,NATHANIAL,,,10/23/1990,M,855-43-6686,,,,,680678,,,848-707-8896,848-707-8896,,
,,,,,,,,,,,,,,,,,,
15474858,SMART,MARIO,CARY,,10/17/2001,M,804-70-1275,,,,,545462,,,267-694-2695,267-694-2695,,
15686511,SMART,SHIANN,,,10/17/2001,F,804-70-1275,,,,,545450,,,631-561-9050,631-561-9050,,
,,,,,,,,,,,,,,,,,,
15354087,MARTINEZ,,,,1/6/1979,F,833-53-4147,16854 92 RD,PH,11433,,,JAMAICA,NY,570-976-9830,,,
15354091,MARTINEZ,JAMES,A,,10/6/1924,M,833-53-4147,922 TROY AVE,,11203,,1120357,BROOKLYN,NY,267-647-2123,,,
,,,,,,,,,,,,,,,,,,
14684763,ALLEN,ELLA,,,7/7/1936,F,880-28-7419,505 WEST 135TH ST,31,10031,,,NEW YORK,NY,,,,
14684769,ALLEN,DARON,,,9/2/1925,M,880-28-7419,1465 FULTON AVE,2D,10456,,,BRONX,NY,917-721-4732,,,
,,,,,,,,,,,,,,,,,,
13843667,WILLIAMS,DANIELLE,,,7/5/1993,F,888-71-5606,UNDOMICILED,,11206,ANDRIOT,,BROOKLYN,NY,732-309-5232,,DWILLIAMS@AMGGT.COM,
13843668,WILLIAMS,FERDINAND,,,1/28/1981,M,888-71-5606,521 128TH ST,2FL,11356,,2489542,COLLEGE POINT,NY,203-948-8704,,,
,,,,,,,,,,,,,,,,,,
15517826,HERRINGTON,TEMPERANCE,,,12/30/1962,F,811-94-4434,1600 MCCOMBS ROAD,11,10452,MORI,437346,BRONX,NY,,,THERRINGTON@AMGGT.COM,
15876247,HERRINGTON,LUKE,,,12/30/1962,M,811-94-4434,,,,,437388,,,934-296-3415,934-296-3415,,
,,,,,,,,,,,,,,,,,,
15892977,PERKINS,DAVINA,,,12/21/1993,F,842-70-8385,,,,,,,,516-439-4965,516-439-4965,DPERKINS@AMGGT.COM,
16005316,PERKINS,WILLIAM,T,,12/21/1993,M,842-70-8385,,,,,,,,212-482-9217,212-482-9217,,
,,,,,,,,,,,,,,,,,,
15399508,HAGHIGHATNIYA,BETH,,,10/21/1992,F,,,,,,4960730,,,201-206-7871,929-884-4690^^201-206-7871,,
15614358,HAGHIGHATNIYA,ROSALIND,,,10/21/1992,,,80 LASALLE STREET,12C,10027,,4960744,NEW YORK,NY,201-206-7871,201-206-7871,,
,,,,,,,,,,,,,,,,,,
13758086,ROBINSON,JUANITA,YVONNE,,2/15/1953,F,844-27-4239,460 WEST 41 ST,3203,10036,,2965959,NEW YORK,NY,570-313-7975,,,
13758087,ROBINSON,RONALD,,,2/26/2008,M,844-27-4239,3215 78 ST,PH1,11370,,1448616,EAST ELMHURST,NY,718-228-2841,,,
,,,,,,,,,,,,,,,,,,
15716554,ARNOLD,IRMA,,,10/27/1978,F,858-92-6649,2095 WEBSTER AVENUE,2S,10457,LESTRANGE,915684,BRONX,NY,718-685-8281,718-685-8281,IARNOLD@AMGGT.COM,
15908569,ARNOLD,LEOPOLDO,,,10/27/1978,M,858-92-6649,,,,,915550,,,917-323-6514,917-323-6514,,
,,,,,,,,,,,,,,,,,,
15596041,CRAWFORD,RYLIE,,,4/15/1965,F,873-61-2423,,,,,138998,,,908-378-1905,908-378-1905,,
15821926,CARTIE,RYLIE,A,,4/15/1965,,873-61-2423,1574 BEACH AVENUE,4M,10460,,139020,BRONX,NY,518-297-3289,518-297-3289,RCARTIE@AMGGT.COM,
,,,,,,,,,,,,,,,,,,
15500947,MURRAY,DEBRA,,,7/27/1996,F,803-61-4900,2015 MADISON AVENUE,ARC,10035,,,NEW YORK,NY,860-179-1771,860-179-1771,,
15845529,MURRAY,DAVID,,,7/27/1996,M,803-61-4900,,,,,,,,973-335-3806,973-335-3806,,JUDAH RHODES
,,,,,,,,,,,,,,,,,,
13914613,PHILLIPS,YVONNE,,,9/7/1957,F,872-81-5614,206 EXETER STREET,PH,11235,,,BROOKLYN,NY,973-494-9993,,,
13914615,PHILLIPS,MATTHEW,,,1/12/1922,M,872-81-5614,690 ALLERTON AVE,48W,10467,,3435178,BRONX,NY,959-106-7148,,,
,,,,,,,,,,,,,,,,,,
15465864,OCCHINO,MARCUS,,,10/25/1995,M,839-49-2443,,,,,680833,,,631-240-3168,631-240-3168,,
15501229,OCCHINO,CASANDRA,,,10/25/1995,F,839-49-2443,1041 ROGERS AVENUE,2R,11226,,680847,BROOKLYN,NY,848-601-7243,848-601-7243,,
,,,,,,,,,,,,,,,,,,
15575012,COBB,WILLA,,,8/2/1996,F,878-12-4276,,,,,812207,,,929-453-1762,929-453-1762,,
15933562,COBB,MICHAEL,ISMAEL,,8/2/1996,M,878-12-4276,,,,,817040,,,631-510-2182,631-510-2182,MCOBB@AMGGT.COM,
,,,,,,,,,,,,,,,,,,
13435748,JOHNSON,IDA,,,2/4/1998,F,856-16-2992,631 FARMERS AVENUE,,11740,,3964811,GREENLAWN,NY,484-486-7978,,IJOHNSON@AMGGT.COM,
13435750,JOHNSON,BRIAN,ELLIOTT,,,M,856-16-2992,135 HAMILTON PL,4D,10031,,2483286,NEW YORK,NY,718-702-2789,,,
,,,,,,,,,,,,,,,,,,
14830950,JOHNSON,TARA,,,9/11/1941,F,823-51-7360,1006 DECATUR ST,1R,11207,,,BROOKLYN,NY,203-508-4641,,,
14830956,JOHNSON,MICHAEL,DEWAYNE,,5/11/2001,M,823-51-7360,8909 32 AVE,3D,11372,,4282704,JACKSON HEIGHTS,NY,267-252-7818,,,
,,,,,,,,,,,,,,,,,,
15422864,VESSELS,BOBBI,,,12/14/2003,F,853-78-0026,,,,,663553,,,347-299-5108,347-299-5108,,
15918697,VESSELS,ROAN,KARL,,12/14/2003,M,853-78-0026,,,,,663536,,,551-394-2643,551-394-2643,,
,,,,,,,,,,,,,,,,,,
15508677,KOLANSKY,ZENATTA,,,11/3/1993,F,888-32-5133,,,,,1534687,,,,,,
15813399,JACKSON,COREY,,,11/3/1993,F,888-32-5133,,,,,1534880,,,732-910-4797,732-910-4797,CJACKSON@AMGGT.COM,
,,,,,,,,,,,,,,,,,,
15821270,YUSOPOVA,NOELANI,MARY,,8/22/2007,F,860-85-2473,,,,,491999,,,203-380-3160,203-380-3160,,
15952367,YUSOPOVA,ELVIS,,,8/22/2007,M,860-85-2473,,,,,491968,,,929-510-6756,929-510-6756,,
,,,,,,,,,,,,,,,,,,
15654210,JACOBS,JENNIFER,,,12/17/2013,F,836-25-9297,,,,,,,,929-329-8709,929-329-8709,,
15817055,JACOBS,CHARLES,,,12/17/2013,M,836-25-9297,5615 AVENUE N,,11226,,,BROOKLYN,NY,518-129-7349,518-129-7349,,
,,,,,,,,,,,,,,,,,,
15917677,ROBERTSON,JEFF,MARIO,,5/22/1993,M,870-66-7450,186 EAST 164TH STREET,3H,10456,,423799,BRONX,NY,551-411-4778,551-411-4778,,
15965119,ROBERTSON,CAROL,ZARIO,,5/22/1993,F,870-66-7450,,,,,423783,,,201-947-1484,201-947-1484,,
,,,,,,,,,,,,,,,,,,
15479775,MATAI,ERIC,,,3/2/1976,M,804-33-9274,6901 21 AVENUE,3A,11204,,534819,BROOKLYN,NY,212-195-5131,212-195-5131,,
15816493,MATAI,MAYCEE,,,3/2/1976,F,804-33-9274,,,,,534841,,,212-714-5504,212-714-5504,,
,,,,,,,,,,,,,,,,,,
15617026,FERNANDEZ,CHARLES,HENRY,,5/16/1928,M,851-18-6858,10714 112TH STREET,1FL,11419,,521858,SOUTH RICHMOND HILL,NY,203-913-6268,203-913-6268,CFERNANDEZ@AMGGT.COM,
15934988,FERNANDEZ,YOLANDA,,,5/16/1928,F,851-18-6858,,,,,521869,,,732-619-1846,732-619-1846,,
,,,,,,,,,,,,,,,,,,
14847610,YATES,VIVIAN,,,3/12/1939,F,848-74-0351,111 STANLEY DRIVE,,117202233,WILLIAMS,983398,CENTEREACH,NY,862-639-6058,,VYATES@AMGGT.COM,
14847614,MCKINNEY,BRIAN,PHILLIP,,3/12/1939,M,848-74-0351,210 W 147TH ST,5E,10039,,525041,NEW YORK,NY,908-442-8382,908-442-8382,,
,,,,,,,,,,,,,,,,,,
15398614,GUGLIUCCI,DAVID,ROBERT,,12/19/1974,M,846-93-2344,,,,,458230,,,610-678-7379,610-678-7379,,
15623888,GUGLIUCCI,DIANNA,,,12/19/1974,F,846-93-2344,30 AVENUE D,7A,10009,,458196,NEW YORK,NY,845-799-7857,845-799-7857,DGUGLIUCCI@AMGGT.COM,
,,,,,,,,,,,,,,,,,,
15754693,WEEKES,JOVANNI,MATTHEW,,4/29/1964,M,825-49-6659,340 BEACH 66ST,PH,11692,,768474,FAR ROCKAWAY,NY,570-907-1094,570-907-1094,,
15860733,WEEKES,KARYME,,,4/29/1964,F,825-49-6659,,,,,745703,,,862-132-4479,862-132-4479,,
,,,,,,,,,,,,,,,,,,
15464977,BOWCUTT,BOBBI,,,2/28/1924,F,847-75-3756,1935 MCGRAW AVENUE,7 B,10462,,1556603,BRONX,NY,860-326-2547,860-326-2547,,
15788738,PASCH,ELLIS,,,2/28/1924,F,847-75-3756,1919 NEWBOLD AVENUE,,,,1556616,,,862-653-4726,862-653-4726,,
,,,,,,,,,,,,,,,,,,
15475629,LALLI,ROBERT,,,11/23/1947,M,851-08-4400,2 KENSINGTON AVENUE,21,7304,KLOCKE,415723,JERSEY CITY,NJ,203-161-6992,203-161-6992,RLALLI@AMGGT.COM,
15610427,LALLI,CAROLYN,,,11/23/1947,F,851-08-4400,,,,,415698,,,609-492-9689,609-492-9689,,
,,,,,,,,,,,,,,,,,,
15469127,PASCIUCCO,AMY,,,12/28/1993,F,878-97-6363,107129 E 126TH STREET,,10027,,449469,NEW YORK,NY,862-613-1224,862-613-1224,,
15623168,PASCIUCCO,MICHAEL,JOE,,12/28/1993,M,878-97-6363,,,,,449458,,,570-797-2487,570-797-2487,,
,,,,,,,,,,,,,,,,,,
14588077,GARCIA,JOY,ERICA,,9/16/1943,F,845-12-7556,116 WEST 96 ST,7S,10025,HANLEYKNIGHT,,NEW YORK,NY,212-426-1387,,JGARCIA@AMGGT.COM,
14588081,GARCIA,SANTIAGO,,,10/15/1949,M,845-12-7556,10236 43RD AVE,PH,11368,,,CORONA,NY,347-865-4011,,,
,,,,,,,,,,,,,,,,,,
15618510,HALE,DAVEA,JOAN,,12/17/1996,F,830-08-3060,2450 97 STREET,PH,11369,,509770,EAST ELMHURST,NY,908-605-6901,908-605-6901,,
15752679,HALE,BILLY,,,12/17/1996,M,830-08-3060,,,,,509737,,,718-897-9223,718-897-9223,,
,,,,,,,,,,,,,,,,,,
15450494,ROSARIO,LEAR,,,6/27/1976,F,829-80-2854,,,,,1485693,,,908-605-9845,908-605-9845,,
15624883,DAHLBERG,STACEY,,,6/27/1976,F,829-80-2854,1130 WILLOGHBY AVENUE,1R,11227,,1485651,BROOKLYN,NY,610-681-6186,610-681-6186,,
,,,,,,,,,,,,,,,,,,
15546034,KOGUT,DEBORAH,,,3/10/1987,F,889-17-1441,341 EAST 146TH STREE,15,10451,,4850578,BRONX,NY,,,DKOGUT@AMGGT.COM,DEBORAH CAROLYN KOGUT
15678277,KOGUT,VERONICA,CAROLYN,,10/13/1968,F,889-17-1441,154 W 110TH STREET,,,,4850579,,,908-977-5969,908-977-5969,,
,,,,,,,,,,,,,,,,,,
15433114,NYSTROM,PATRICIA,,,12/5/1993,F,860-25-3132,,,,,853252,,,917-956-6660,917-956-6660,PNYSTROM@AMGGT.COM,
15515425,NYSTROM,DENNIS,LEE,,12/5/1993,M,860-25-3132,,,,,852702,,,917-662-2037,917-662-2037,,
,,,,,,,,,,,,,,,,,,
15431717,HAINES,LAURA,,,5/23/1994,F,804-74-8438,,,,,613644,,,484-935-5738,484-935-5738,,
15923870,HAINES,ROMAN,C,,5/23/1994,M,804-74-8438,420 GEORGIA AVENUE,5B,11207,,613652,BROOKLYN,NY,267-177-8719,267-177-8719,RHAINES@AMGGT.COM,
,,,,,,,,,,,,,,,,,,
15664316,BUXBAUM,JONATHON,SAM,,12/12/2008,M,837-83-7066,,,,,1139872,,,631-266-5822,631-266-5822,,
15951127,BUXBAUM,TAMMY,,,12/12/2008,F,837-83-7066,1270 BERGEN STREET,PVT,11213,,1139899,BROOKLYN,NY,848-660-5092,848-660-5092,TBUXBAUM@AMGGT.COM,
,,,,,,,,,,,,,,,,,,
15410676,STALLINGS,ELISA,,,12/14/1990,F,819-49-6452,,,,,671322,,,267-315-5506,267-315-5506,,
15690332,STALLINGS,RODNEY,JAMES,,12/14/1990,M,819-49-6452,11945 147TH STREET,PH,11436,,671302,JAMAICA,NY,609-599-7116,609-599-7116,,
,,,,,,,,,,,,,,,,,,
12839874,FULLER,KENDRA,,,9/24/1955,F,878-84-0152,152 EAST 111TH ST,4-C,10029,STULBERGER,,NEW YORK,NY,610-880-2561,,KFULLER@AMGGT.COM,
12839878,FULLER,RONALD,JASON,,8/10/1934,M,878-84-0152,8634 SAINT JAMES AVE,D4,11373,,1688910,ELMHURST,NY,631-761-6093,,,
,,,,,,,,,,,,,,,,,,
12500807,KIRSCHBAUM,KATHLEEN,,,5/15/1984,F,887-27-4022,53 WEST 2ND STREET,,11772,,2108516,PATCHOGUE,NY,347-877-4119,347-877-4119,KKIRSCHBAUM@AMGGT.COM,
12500809,RITCHIE,DONALD,,,5/15/1984,M,887-27-4022,1485 PARK AVE,17G,10029,,2013082,NEW YORK,NY,917-392-1202,,,JOHN DOE
,,,,,,,,,,,,,,,,,,
13877860,HANSEN,JOY,,,1/18/2013,F,898-44-6794,326 SEVENTH AVENUE,,11780,,,ST JAMES,NY,,,,KAREN SPOSATO
13877863,HANSEN,AUSTIN,DAVID,,4/4/1943,M,898-44-6794,2730 SEDGWICK AVE,2I,10468,,,BRONX,NY,862-311-8582,,,
,,,,,,,,,,,,,,,,,,
15563219,BRAY,CAROL,,,7/22/1922,F,872-65-2537,,,,,193481,,,934-120-3768,934-120-3768,,
15769328,BRAY,GLADYS,,,7/23/1922,F,872-65-2537,451 CLARKSON AVENUE,,11203,,193564,BROOKLYN,NY,929-709-1962,929-709-1962,GBRAY@AMGGT.COM,
,,,,,,,,,,,,,,,,,,
15574911,CLINKSCALES,JANE,MARJORIE,,5/4/2005,F,895-08-9446,540 MAIN STREET,112,10044,,623514,NEW YORK,NY,732-142-6017,732-142-6017,,
15613640,CLINKSCALES,DAMON,,,5/4/2005,M,895-08-9446,,,,,623503,,,,,,
,,,,,,,,,,,,,,,,,,
15768762,AVAKIAN,ANALY,,,9/24/2005,F,817-90-3846,,,,,661871,,,267-676-9381,267-676-9381,,
15929394,AVAKIAN,THOMAS,,,9/24/2005,M,817-90-3846,,,,,661866,,,570-836-8757,570-836-8757,,
,,,,,,,,,,,,,,,,,,
15580195,MCKENNA,SHARON,,,2/14/1923,F,856-10-9333,5610 AVENUE N,,11234,,1568382,BROOKLYN,NY,212-470-8206,212-470-8206,,
15732759,WAUGH,SELENA,,,2/14/1923,F,856-10-9333,,,,,1568389,,,862-473-1399,862-473-1399,,
,,,,,,,,,,,,,,,,,,
15442660,MANTANONA,BAILEY,D,,12/17/2000,F,872-56-5301,2350 DAVIDSON AVENUE,306,99999,,893421,BRONX,NY,718-493-5616,934-339-4398^^718-493-5616,,
15829115,MANTANONA,ELIOT,,,12/17/2000,M,872-56-5301,11 DICKMAN AVENUE,PH,6501,,893790,NEW-HAVEN,CT,,,,
,,,,,,,,,,,,,,,,,,
15730199,LINKER,ZOEY,,,6/21/1972,F,806-07-6658,,,,,1369711,,,,,ZLINKER@AMGGT.COM,
15748587,LINKER,TRINA,,,6/11/1972,F,806-07-6658,,,,,1369578,,,484-262-6526,484-262-6526,,
,,,,,,,,,,,,,,,,,,
15454538,HANSEN,ERNESTINE,STACEY,,8/6/2011,F,,206 E 124TH,3B,10035,,4748948,NEW YORK,NY,516-948-2450,,,
15651766,HANSEN,ERNESTINE,,,10/9/1989,,878-49-9467,,,,,4748928,,,516-948-2450,,,
,,,,,,,,,,,,,,,,,,
15450794,VUKELIC,BRIAN,CARL,,9/28/1939,M,885-57-8550,,,,,674083,,,610-324-8418,610-324-8418,,
15636285,VUKELIC,DAISY,,,9/28/1939,F,885-57-8550,6139 CHARLES STREET,PVT,19135,,674094,PHILADELPHIA,PA,267-363-2643,267-363-2643,,
,,,,,,,,,,,,,,,,,,
15232692,RODRIGUEZ,JAIME,,,9/9/1985,F,807-63-6691,1440 E 98 ST,PVT,11236,BUFKIN,,BROOKLYN,NY,732-882-1411,,JRODRIGUEZ@AMGGT.COM,
15232697,RODRIGUEZ,WILLIAM,,,11/17/1941,M,807-63-6691,390 9TH AVE,SHLT,10001,,,NEW YORK,NY,862-151-3164,,,
,,,,,,,,,,,,,,,,,,
12766476,JACKSON,LEEANN,,,9/17/1938,F,848-56-3375,850 COLUMBUS AVE,4G,10025,,,NEW YORK,NY,718-955-7549,,LJACKSON@AMGGT.COM,
12766478,JACKSON,GARY,,,8/12/2004,M,848-56-3375,647 BLYDENBERGH ROAD,,11788,,,HAUPPAUGE,NY,551-595-6905,,,
,,,,,,,,,,,,,,,,,,
15754788,SINACORI,RANDY,,,4/3/1934,M,846-68-1253,,,,,546552,,,862-172-8136,862-172-8136,,
15775365,SINACORI,JUSTINE,,,4/3/1934,F,846-68-1253,181 BUTTRICK AVENUE,9B,10465,,546585,BRONX,NY,934-231-5135,934-231-5135,JSINACORI@AMGGT.COM,
,,,,,,,,,,,,,,,,,,
15455104,WILKERSON,BROOKE,,,12/9/1994,F,828-66-8428,,,,,344464,,,203-764-9003,203-764-9003,,
15835186,WILKERSON,ALEXIS,,,12/8/1994,F,828-66-8428,5035 WALTON AVENUE,3D,10452,,344481,BRONX,NY,718-903-6609,718-903-6609,,
,,,,,,,,,,,,,,,,,,
14402536,MILLER,GRACE,,,7/16/2012,F,887-88-1894,4417 65 ST PH,PH,11377,,,WOODSIDE,NY,347-233-1116,,,
14402537,MILLER,PERRY,,,1/6/1993,M,887-88-1894,607 E 140TH ST,4B,10454,,,BRONX,NY,845-323-8103,,,
,,,,,,,,,,,,,,,,,,
15389399,FIORINI,ETHAN,,,11/9/1983,,813-48-4207,4502 NEW UTRECHT AVENUE,2F,11219,ROGERS,189306,BROOKLYN,NY,959-498-5107,959-498-5107,EFIORINI@AMGGT.COM,
15930230,FIORINI,ETHAN,,,12/9/1983,M,813-48-4207,,,,,189238,,,201-625-1105,201-625-1105,,
,,,,,,,,,,,,,,,,,,
13490879,GRIBBLE,MICHAEL,DONNIE,,10/15/1989,M,808-21-0221,4 HERITAGE LANE,,11764,,,MILLER PLACE,NY,201-585-2088,,,
14019986,HALL,MICHAEL,MARK,,11/25/1978,M,868-56-0900,,,,,,,,201-585-2088,,,
,,,,,,,,,,,,,,,,,,
15401224,DANIELS,JUDY,,,12/13/1934,F,807-89-6110,,,,,325592,,,518-633-5361,518-633-5361,,
16002112,DANIELS,BEATRICE,,,12/13/1944,F,807-89-6110,,,,JOHNSON,325679,,,860-691-1097,860-691-1097,BDANIELS@AMGGT.COM,
,,,,,,,,,,,,,,,,,,
15563719,BARTEL,KATHRYN,,,12/16/1952,F,878-94-7408,1501 W 6TH STREET,3G,11204,,4852327,BROOKLYN,NY,551-762-8987,551-762-8987,KBARTEL@AMGGT.COM,
15645648,AJASIN,LINDSEY,,,12/16/1952,F,878-94-7408,,,,,4852341,,,551-558-5957,610-189-5277^^551-558-5957,,LINDSEY AJASIN
,,,,,,,,,,,,,,,,,,
15444681,JARAMILLO,JAMAAL,VICTOR,,9/12/1998,M,827-33-5698,,,,,678796,,,631-642-8432,631-642-8432,,
15728621,JARAMILLO,BRENNA,,,9/12/1998,F,827-33-5698,,,,,678811,,,609-666-7942,609-666-7942,,
,,,,,,,,,,,,,,,,,,
15450956,PUNG,KRISTINA,,,12/6/2004,U,863-93-4948,,,,,683264,,,848-214-1411,848-214-1411,,
15838250,PUNG,BILLY,MOHAMMED,,12/6/2004,M,863-93-4948,,,,,683276,,,848-777-3921,848-777-3921,,
,,,,,,,,,,,,,,,,,,
15479179,JAMES,PAMELA,,,8/26/1991,F,828-95-0591,15025 COOLIDGE AVENUE,PVTH,11432,,615208,JAMAICA,NY,929-859-5188,929-859-5188,PJAMES@AMGGT.COM,
15739739,JAMES,SCOTT,,,8/26/1991,M,828-95-0591,,,,,615164,,,908-470-7984,908-470-7984,,
,,,,,,,,,,,,,,,,,,
13454578,JOHNSON,MICHELE,,,4/10/1962,F,863-42-3287,1220 NELSON AVE,2FL,10454,,,BRONX,NY,917-189-9287,,,
13454580,JOHNSON,JOSEPH,,,1/24/1948,M,863-42-3287,286 SOUTH ST APT 18 C,18 C,10002,,,NEW YORK,NY,929-303-1873,,,
,,,,,,,,,,,,,,,,,,
15650623,HARDING,TARA,A,,10/11/1991,F,874-53-0959,,,,,,,,201-729-8147,201-729-8147,,
15832200,HARDING,TYREE,,,10/11/1991,M,874-53-0959,442 EAST 105TH STREET,3B,10029,,,NEW YORK,NY,917-542-8943,917-542-8943,,
,,,,,,,,,,,,,,,,,,
15609532,GARAL,ANAVI,,,6/9/1990,F,819-46-1382,,,,,670427,,,860-516-9657,860-516-9657,AGARAL@AMGGT.COM,
15790833,GARAL,RAYMOND,,,6/9/1990,M,819-46-1382,706 MORRIS PARK AVENUE,,10462,,670413,BRONX,NY,908-557-3085,908-557-3085,,
,,,,,,,,,,,,,,,,,,
13090594,FERNANDEZ,JASMIN,A,,3/24/1951,F,870-42-9620,182 E 93RD ST,,11212,,,BROOKLYN,NY,267-442-2269,,,
13090596,FERNANDEZ,DAN,REYES,,,M,870-42-9620,134 MUNSELL ROAD,,11772,,3721327,PATCHOGUE,NY,973-244-1011,973-244-1011,,
,,,,,,,,,,,,,,,,,,
15706107,MATYKA,KELLI,,,12/22/1995,F,864-54-3944,524 CLASSON AVENUE,PH,11238,,117837,BROOKLYN,NY,267-182-8342,267-182-8342,,
15861964,ANDERSONHENTZ,ALLISON,,,12/22/1995,F,864-54-3944,,,,,117776,,,929-722-5083,929-722-5083,,
,,,,,,,,,,,,,,,,,,
15559755,SEO,JEREMY,R,,12/1/1990,M,889-65-9751,,,,,,,,570-720-9675,570-720-9675,,
15610182,SEO,DAWN,ANNETTE,,12/1/1990,F,889-65-9751,,,,,,,,718-906-6492,718-906-6492,DSEO@AMGGT.COM,
,,,,,,,,,,,,,,,,,,
14183385,HAGGIS,GEORGE,FRED,,6/13/1955,M,861-30-8928,3 BEECH DRIVE,,117790000,,3836554,LAKE RONKONKOMA,NY,267-994-6350,,,
14183389,STANLEY,MARY,MELLISA,,6/13/1955,F,861-30-8928,29 N LEXINGTON AVENUE,,11967,HERNANDEZ,,SHIRLEY,NY,848-546-7103,,MSTANLEY@AMGGT.COM,
,,,,,,,,,,,,,,,,,,
15613954,CONCEPCION,MICHELLE,,,3/3/1954,,834-36-2268,2126 MULINER AVENUE,1K,10462,,1191874,BRONX,NY,929-899-7146,929-899-7146,,
15914230,SCHERBARTH,MICHELLE,,,3/3/1954,F,834-36-2268,45 SEFTON CIRCLE,PH,8854,,1191687,PISCATAWAY,NJ,862-140-2266,862-140-2266,,MICHELLE NELSON
,,,,,,,,,,,,,,,,,,
15401759,QUIGLEY,TAREIAN,THOMAS,,4/13/2007,M,891-43-1726,2 24 HINCKLEY PLACE,6A,11218,WALLLORUSSO,549149,BROOKLYN,NY,973-180-3717,973-180-3717,TQUIGLEY@AMGGT.COM,
15758150,QUIGLEY,STEFFANIE,,,4/13/2007,F,891-43-1726,,,,,549092,,,551-620-9427,551-620-9427,,
,,,,,,,,,,,,,,,,,,
15550067,JACQUES,MARIE,,,5/13/1997,F,861-14-6561,,,,,4835758,,,718-771-5788,,,
15793472,JACQUES,MARIE,,,5/13/1942,U,,,,,,4835763,,,718-771-5788,,,
,,,,,,,,,,,,,,,,,,
15386441,UNGER,LEVI,,,7/14/1935,M,855-15-3430,1548 E 172 STREET,1A,10472,,550397,BRONX,NY,,,,
15743949,UNGER,ANGELA,,,7/14/1935,F,855-15-3430,,,,SMITH,550434,,,267-716-9867,267-716-9867,AUNGER@AMGGT.COM,
,,,,,,,,,,,,,,,,,,
15434562,SIMMONS,FLOR,,,4/11/1975,F,801-93-5763,462 FIRST AVNEUE,XXXX,10016,,249357,NEW YORK,NY,,,,
15791105,SIMMONS,ERICA,,,4/12/1975,F,801-93-5763,1027 RAHWAY AVENUE,,7001,,249382,AVENEL,NJ,518-436-5540,518-436-5540,,
,,,,,,,,,,,,,,,,,,
15389570,KNIGHT,BRYANNA,,,9/17/1998,,898-56-5857,,,,,197368,,,570-723-8291,610-893-7952,,
16025578,KNIGHT,BRYANNA,,,9/18/1998,F,898-56-5857,8777 169 STREET,C 2,11432,BRAUN,197357,JAMAICA,NY,201-154-7658,201-154-7658,BKNIGHT@AMGGT.COM,
,,,,,,,,,,,,,,,,,,
15496178,BIGUSIAK,JAMES,,,12/17/1996,M,826-65-2600,733 PROSPECT AVENUE,9,10455,,688140,BRONX,NY,959-935-3881,959-935-3881,,
15881193,BIGUSIAK,CYNTHIA,BARBARA,,12/17/1996,F,826-65-2600,,,,,688106,,,,,CBIGUSIAK@AMGGT.COM,
,,,,,,,,,,,,,,,,,,
15579631,LEPAK,DAWN,M,,12/6/1997,F,861-04-9705,,,,,678468,,,718-607-9683,718-607-9683,,
15606907,LEPAK,MICHAEL,,,12/6/1997,M,861-04-9705,318 TOMPKINS AVENUE,3F,11216,,678478,BROOKLYN,NY,267-143-6158,267-143-6158,,
,,,,,,,,,,,,,,,,,,
15741285,MCCROBIE,SPENCER,JEREMY,,8/16/1932,M,864-89-4011,155 SIEGAL STREET,4K,11206,,601254,BROOKLYN,NY,845-753-5024,845-753-5024,,
15843935,MCCROBIE,LINNSEY,,,8/16/1932,F,864-89-4011,,,,,601247,,,934-557-2455,,,
,,,,,,,,,,,,,,,,,,
15421077,TETREAULT,MELANIE,,,12/10/1982,F,826-04-9586,,,,,1432528,,,610-411-5754,610-411-5754,,MELANIE NEALY
15810236,ASHBY,MELANIE,,,12/10/1982,,826-04-9586,512 OAK STREET,PH,11726,ECHOLS,1432508,COPIAGUE,NY,959-243-7418,959-243-7418,MASHBY@AMGGT.COM,
,,,,,,,,,,,,,,,,,,
15972047,MORIN,XENIA,,,11/27/1927,F,809-48-7168,,,,,1602794,,,,,,
16008655,LANDIS,TREDAJ,CANDICE,,11/27/1927,F,809-48-7168,UNK,UNK,10001,,1602896,NEW YORK,NY,484-258-3978,484-258-3978,,
,,,,,,,,,,,,,,,,,,
15418890,SPEED,CHRISTOPHER,LEONARD,,4/5/1990,M,851-44-6434,,,,,167806,,,845-407-2763,845-407-2763,,
15997331,SPEED,MATTHEW,,,4/6/1990,M,851-44-6434,,,,,167869,,,212-936-1185,212-936-1185,,KEVIN RALPH ROBLES
,,,,,,,,,,,,,,,,,,
14502476,JOHNSON,MELISSA,,,11/23/1996,F,835-32-5152,5 HEMLOCK ROAD,,11766,,,MOUNT SINAI,NY,959-709-6926,,,
14502485,JOHNSON,JEFFEREY,DAVID,,1/3/2009,M,835-32-5152,10316 106TH ST,PH,11417,,3128566,OZONE PARK,NY,934-631-8736,,,
,,,,,,,,,,,,,,,,,,
15582343,TUTOR,DWAINE,,,2/17/1920,M,884-53-5993,,,,,201747,,,212-892-2953,212-892-2953,DTUTOR@AMGGT.COM,
15742093,PEREZ,CHARLES,,,2/17/1920,M,884-53-5993,,,,,201823,,,551-338-1829,551-338-1829,,
,,,,,,,,,,,,,,,,,,
15534357,PURTELL,MILDRED,,,11/12/1922,F,840-87-6376,541 FRANKLIN AVENUE,1A,11238,,1522542,BROOKLYN,NY,848-277-7514,848-277-7514,,
15874679,DAVIS,PORCIA,,,11/12/1922,F,840-87-6376,,,,TRUSSELL,1522467,,,212-135-8768,212-135-8768,PDAVIS@AMGGT.COM,
,,,,,,,,,,,,,,,,,,
13369786,JONES,DEBRA,,,7/7/1982,F,864-51-3760,1182 WILLOWBROOK RD,PVT,10314,,,STATEN ISLAND,NY,,,DJONES@AMGGT.COM,
13369792,JONES,MICHEAL,,,10/5/1995,M,864-51-3760,357 49TH ST,4B,11220,,4315832,BROOKLYN,NY,917-963-7913,,,
,,,,,,,,,,,,,,,,,,
15889855,WHITEHOUSE,JOEL,WAYNE,,12/13/1990,M,844-88-4887,,,,,,,,917-233-9132,917-233-9132,,
15935403,WHITEHOUSE,ERICA,,,12/13/1990,F,844-88-4887,921 LENOX ROAD,2 FL,11203,,,BROOKLYN,NY,570-844-4583,570-844-4583,,
,,,,,,,,,,,,,,,,,,
15690538,BRERETON,COURTNEY,,,4/29/1988,F,880-84-1991,16903 144TH STREET,,11434,,1446462,JAMAICA,NY,917-712-8042,917-712-8042,CBRERETON@AMGGT.COM,
15956861,BRERETON,SHARON,,,4/28/1988,F,880-84-1991,,,,,1446549,,,347-467-8310,347-467-8310,,
,,,,,,,,,,,,,,,,,,
15395009,WARREN,CELESTE,,,12/10/1992,F,881-70-5943,,,,,900774,,,,,,
15427135,WARREN,VRAYA,CHRISTOPHER,,12/10/1992,M,881-70-5943,,,,,900829,,,212-306-4822,212-306-4822,,
,,,,,,,,,,,,,,,,,,
15487981,NICHOLS,JAMES,L,,8/18/1955,M,898-90-9397,,,,,686803,,,917-258-1345,917-258-1345,,
15930772,NICHOLS,SCARLETT,,,8/18/1955,F,898-90-9397,111 E 100TH STREET,4C,10029,,686840,NEW YORK,NY,929-150-2974,929-150-2974,,
,,,,,,,,,,,,,,,,,,
15416313,GREEN,CHRISTINA,,,2/27/2003,F,867-70-4730,,,,,,,,267-279-4265,267-279-4265,,
15553176,GREEN,RYAN,SAMUEL,,2/27/2003,M,867-70-4730,,,,,,,,934-307-1392,934-307-1392,,
,,,,,,,,,,,,,,,,,,
12492424,MOORE,NANCY,,,9/17/1975,F,872-26-3904,7311 153RD ST,1-G,11367,,3309035,FLUSHING,NY,570-631-8263,,NMOORE@AMGGT.COM,
12492430,MOORE,WILLIAM,DONALD,,2/16/2014,M,872-26-3904,150 28 HILLSIDE AVE,,11432,,1878897,JAMAICA,NY,570-697-5411,,,JOHN DOE
,,,,,,,,,,,,,,,,,,
15418626,SADLOWSKI,DESAREE,,,4/29/1970,F,842-79-2957,257 QUENTIN ROAD,1F/L,11223,,524835,BROOKLYN,NY,845-233-2760,845-233-2760,DSADLOWSKI@AMGGT.COM,
15535314,SADLOWSKI,CHRIS,,,4/29/1970,M,842-79-2957,,,,,524797,,,484-320-6798,484-320-6798,,
,,,,,,,,,,,,,,,,,,
12317792,SMITH,AMANDA,,,9/14/1961,F,881-13-5301,1105 BOYNTON AVE,5B,10472,,,BRONX,NY,516-221-3988,,,
13855246,SMITH,MARK,,,6/11/2003,M,869-89-4932,4011 72ND ST,6C,11377,,3122899,WOODSIDE,NY,516-221-3988,,,
,,,,,,,,,,,,,,,,,,
14330738,WILLIAMS,HELEN,,,8/18/1945,F,853-27-6203,16605 88TH AVE,4I,11463,,,JAMACIA,NY,203-948-9354,,,
14330742,WILLIAMS,CHARLES,ERIC,,3/19/1933,M,853-27-6203,253 WEST 135TH ST,,10036,,4523087,NEW YORK,NY,908-602-6970,,,
,,,,,,,,,,,,,,,,,,
13454547,JOHNSON,ARIELLE,,,6/26/1945,F,846-36-1750,266 BEDFORD PARK BLVD,6F,10458,,2760480,BRONX,NY,,,,
13454551,JOHNSON,TREY,JOREL,,3/11/1973,M,846-36-1750,4202 KISSENA BLVD,60,11355,,1052788,FLUSHING,NY,201-875-9480,,,
,,,,,,,,,,,,,,,,,,
15699375,MERCADO,JOSE,CHRISTOPHER,,6/15/1994,M,812-56-5736,,,,,669301,,,917-511-2596,917-511-2596,,
15861120,MERCADO,ELIZABETH,,,6/15/1994,F,812-56-5736,,,,,669268,,,201-488-1660,201-488-1660,,
,,,,,,,,,,,,,,,,,,
15576425,PERRY,KAYDENCEE,,,12/6/2005,F,864-39-0882,,,,,,,,551-633-6100,551-633-6100,,
15679997,PERRY,TREMAYNE,JEREMY,,12/6/2005,M,864-39-0882,,,,SEPULVEDA,,,,212-438-5603,212-438-5603,TPERRY@AMGGT.COM,
,,,,,,,,,,,,,,,,,,
15726491,SEUFERT,ZULY,,,12/16/2007,F,808-47-7194,462 FIRST AVENUE,,10016,SANDERS,879948,NEW YORK,NY,862-388-4261,862-388-4261,ZSEUFERT@AMGGT.COM,
15866726,SEUFERT,CLYDE,,,12/16/2007,M,808-47-7194,,,,,879709,,,518-945-4656,518-945-4656,,
,,,,,,,,,,,,,,,,,,
15252716,MARTIN,KELLY,,,11/22/1940,F,867-63-7124,2952 MARION AVE,4B,10458,,,BRONX,NY,570-293-2762,,,
15252726,MARTIN,DONALD,DERRICK,,8/25/1945,M,867-63-7124,27 MESEROLE ST.,2R,11206,,1418169,BROOKLYN,NY,973-515-7514,,,
,,,,,,,,,,,,,,,,,,
15387179,MACMILLAN,DONNA,,,6/8/1994,,846-79-3439,11132 124TH STREET,,11420,,279204,SOUTH OZONE PARK,NY,631-944-5485,631-944-5485,DMACMILLAN@AMGGT.COM,
15779080,MACMILLAN,SAYURI,,,6/8/1994,F,846-79-3439,,,,,279154,,,973-700-5417,973-700-5417,,
,,,,,,,,,,,,,,,,,,
14362219,YOUNG,RONDA,HILDA,,2/12/1973,F,851-11-2612,1950 TAYLOR AVE,8,10460,,,BRONX,NY,631-301-8917,,,
14362220,YOUNG,LEROY,,,3/24/1973,M,851-11-2612,55 SHERIDAN AVE,D1,10552,,2822409,MOUNT VERNON,NY,848-222-4751,,,
,,,,,,,,,,,,,,,,,,
15576074,PAIGE,GREG,UHARLES,,5/13/1982,M,818-48-4200,,,,,4781540,,,484-567-6886,,,
15680203,PAIGE,GREGORY,CHARLES,,5/22/2010,M,,18523 HILBURN AVENUE,PH,11412,,4781550,ST ALBANS,NY,484-567-6886,,GPAIGE@AMGGT.COM,
,,,,,,,,,,,,,,,,,,
15757559,RODGERS,VIRGIL,AIDA,,9/26/1986,F,816-84-7112,445 E96TH STREET,PH,11212,,676565,BROOKLYN,NY,732-423-9673,732-423-9673,,
15914609,RODGERS,RICHARD,,,9/26/1986,M,816-84-7112,,,,,676568,,,,,,
,,,,,,,,,,,,,,,,,,
15423441,CALDERONDERAUDA,RONALD,,,11/25/1990,M,894-34-0993,,,,,919309,,,934-756-5187,934-756-5187,,
15472482,CALDERONDERAUDA,JESSICA,,,11/25/1990,F,894-34-0993,904 SCHENECTADY AVENUE,2R,11203,,919128,BROOKLYN,NY,862-950-5860,862-950-5860,JCALDERONDERAUDA@AMGGT.COM,
,,,,,,,,,,,,,,,,,,
12916717,MUNOZ,ENA,,,1/25/1967,F,822-74-4330,16211 89TH AVE,5G,11432,,,JAMAICA,NY,973-850-1026,,,
12916721,MUNOZ,RONALD,,,3/14/1977,M,822-74-4330,4012 10TH ST 1FL,1FL,11101,,,LIC,NY,848-249-6418,,,
,,,,,,,,,,,,,,,,,,
15395816,CREIGHTON,DESHAWN,JERRY,,10/26/2007,M,826-21-3278,,,,,,,,973-602-4990,973-602-4990,,
15408181,CREIGHTON,SOFIA,,,10/26/2007,F,826-21-3278,,,,ARMOCIDA,,,,516-224-6364,516-224-6364,SCREIGHTON@AMGGT.COM,
,,,,,,,,,,,,,,,,,,
15483199,TURNER,KINZIE,ORUCE,,5/18/2003,F,854-04-5404,,,,,505743,,,860-783-2127,860-783-2127,,
15933742,TURNER,GURJOT,BRUCE,,5/18/2003,U,854-04-5404,539 EAST 11 STREET,,10009,,505749,NEW YORK,NY,845-743-1404,845-743-1404,,
,,,,,,,,,,,,,,,,,,
15860085,SARTOR,XAVIER,COLLIN,,12/28/1962,M,856-45-7069,13411 223 STREET,PH,11413,,877983,LAURELTON,NY,347-402-4606,347-402-4606,XSARTOR@AMGGT.COM,
15918616,SARTOR,ISABELLE,,,12/28/1962,F,856-45-7069,,,,,877767,,,203-735-9852,203-735-9852,,
,,,,,,,,,,,,,,,,,,
15556239,FRANCO,JENNIFER,,,12/28/1939,F,832-87-1940,38 CORNELIA STREET,3,11221,,661548,BROOKLYN,NY,862-955-6307,862-955-6307,JFRANCO@AMGGT.COM,
15738924,FRANCO,JOHN,,,12/28/1939,M,832-87-1940,,,,,661576,,,347-704-8415,347-704-8415,,
,,,,,,,,,,,,,,,,,,
15526592,COMBS,GABRIELA,JEANNETTE,,12/14/1952,F,856-01-4098,1271 OCEAN AVENUE,1D,11230,,482040,BROOKLYN,NY,718-134-2851,718-134-2851,,
15639839,COMBS,MICHAEL,,,12/14/1952,M,856-01-4098,,,,,482075,,,203-224-3711,203-224-3711,,
,,,,,,,,,,,,,,,,,,
12436882,WING,SHARON,,,7/16/1948,F,834-07-3810,9111 CHURCH AVE,3K,11226,,,BROOKLYN,NY,908-402-2642,,SWING@AMGGT.COM,
12436895,WING,JOHN,,,4/28/1957,M,834-07-3810,9608 57TH AVE,9E,11368,,,CORONA,NY,610-456-6254,,,
,,,,,,,,,,,,,,,,,,
15389179,MORRISON,SERIMA,,,5/4/1994,F,855-10-0265,,,,,689261,,,,,SMORRISON@AMGGT.COM,
15486912,MORRISON,JOAQUIN,,,5/4/1994,M,855-10-0265,,,,,689230,,,929-726-6836,929-726-6836,,
,,,,,,,,,,,,,,,,,,
15425002,GARN,JUSTIN,DAVID,,9/25/1991,M,836-39-9534,826 60TH STREET,,11220,HAMILTON,912798,BROOKLYN,NY,610-898-2364,610-898-2364,JGARN@AMGGT.COM,
15904028,GARN,AURELIA,,,9/25/1991,F,836-39-9534,,,,,912683,,,570-126-5012,570-126-5012,,
,,,,,,,,,,,,,,,,,,
15605139,HORSTEAD,NOELLE,,,6/20/1998,F,868-17-1353,,,,,842808,,,484-411-5090,484-411-5090,,
15987597,HORSTEAD,ROBERT,,,6/20/1998,M,868-17-1353,ONE ST PAULS COURTS,3L,11226,,839928,BROOKLYN,NY,934-858-7258,934-858-7258,,ROGER RYAN LOFREDO
,,,,,,,,,,,,,,,,,,
15751468,BELL,NICOLE,,,5/10/1993,F,828-49-6092,,,,,1275328,,,718-457-1270,718-457-1270,,
16000001,PERKINS,ESTEFANY,,,5/10/1993,F,828-49-6092,,,,MARTIN,1275563,,,,,EPERKINS@AMGGT.COM,
,,,,,,,,,,,,,,,,,,
13186370,TAYLOR,HELENA,,,7/16/1920,F,875-05-0096,770 EAST 165TH ST,65,10456,,3927215,BRONX,NY,610-389-5923,,,
13186375,TAYLOR,LORENZO,RANDALL,,11/14/2015,M,875-05-0096,315 HARMAN ST,3R,11237,,511927,BROOKLYN,NY,516-827-1765,,,
,,,,,,,,,,,,,,,,,,
13554115,ANDERSON,CAROL,,,7/3/1959,F,824-27-4534,111 EAST 21ST ST,B5,11226,,,BROOKLYN,NY,201-421-2305,,,
13554116,ANDERSON,DONNELL,,,6/1/2015,M,824-27-4534,22 MARSHALL DRIVE,,11784,,,SELDEN,NY,631-491-9094,,,
,,,,,,,,,,,,,,,,,,
12527021,BIVONA,GREGORY,,,2/2/1942,M,887-56-6441,1158 PENNSYLVANIA AVE,2,11208,,799497,BROOKLYN,NY,732-246-3039,,,
14301358,SPERLING,GREGORY,,,3/2/1923,M,,42 E LAKE TERRACE,,11779,,1939072,LAKE RONKONKOMA,NY,732-256-6802,732-246-3039,,
,,,,,,,,,,,,,,,,,,
15939219,LANDRY,RACHELLE,,,12/15/1995,F,893-52-0520,,,,,,,,,,,GUERLA DICETTE
15959336,LANDRY,DANIL,ALLEN,,12/15/1995,M,893-52-0520,13036 149 STREET,PH,11436,,785923,JAMAICA,NY,973-789-7325,973-789-7325,DLANDRY@AMGGT.COM,
,,,,,,,,,,,,,,,,,,
15648780,NOLAN,SUKHWINDER,WILLIAM,,4/25/1969,M,887-43-8010,77 FOREST AVENUE,PH,10580,,600306,RYE,NY,516-340-9803,516-340-9803,,
15723768,NOLAN,LATANZA,,,4/25/1969,F,887-43-8010,,,,,600361,,,917-889-4491,917-889-4491,,
,,,,,,,,,,,,,,,,,,
12959550,BROWN,LISA,,,3/1/1988,F,821-13-2858,210 HUMBOLDT ST,18,11206,,,BROOKLYN,NY,203-288-9615,,,
12959556,BROWN,ARI,,,5/9/1973,M,821-13-2858,15833 75TH ST,,11366,,,FLUSHING,NY,484-529-4253,,,
,,,,,,,,,,,,,,,,,,
15387657,DENMAN,MARIA,,,9/16/1930,F,830-65-1744,921 E 76TH STREET,1F,11236,,577297,BROOKLYN,NY,917-958-2776,917-958-2776,,
15584558,DENMAN,ROBERT,W,,9/16/1930,M,830-65-1744,,,,,577288,,,929-909-8817,929-909-8817,RDENMAN@AMGGT.COM,
,,,,,,,,,,,,,,,,,,
15517170,SWILLE,DORIAN,WALTER,,3/11/1992,M,817-49-8789,340 STREET JOHNS PLACE,2B,11238,,683049,BROOKLYN,NY,516-732-2576,516-732-2576,,
15840898,SWILLE,MALLEA,,,3/11/1992,F,817-49-8789,,,,,683069,,,848-251-2299,848-251-2299,,
,,,,,,,,,,,,,,,,,,
15519689,GALLOWAY,JENNIFER,MICHELE,,8/10/1998,F,820-89-2508,,,,,,,,860-491-8789,860-491-8789,,
15838545,GALLOWAY,ANTHONY,L,,8/10/1998,M,820-89-2508,,,,,,,,908-565-9450,908-565-9450,,
,,,,,,,,,,,,,,,,,,
15709788,LOPEZ,QORVOISIEA,,,9/16/1997,M,805-26-5750,,,,,638780,,,,,,
15740167,LOPEZ,GUADALUPE,APRIL,,9/16/1997,F,805-26-5750,485 EAST 138TH STREET,S,10454,FERST,638791,BRONX,NY,609-949-5399,609-949-5399,GLOPEZ@AMGGT.COM,
,,,,,,,,,,,,,,,,,,
15773480,SATTLER,MEGHAN,A,,8/10/1996,F,859-82-5688,,,,,,,,959-994-4093,862-743-2465^^959-994-4093,,
15816979,SATTLER,ELIJAH,,,8/10/1996,M,859-82-5688,216 LENOX ROAD,PVT,,,,,,203-702-6507,203-702-6507,,
,,,,,,,,,,,,,,,,,,
13322024,BLACK,ROXANNE,,,7/15/1999,F,869-89-2089,770 OCEAN AVE,D7,11226,,,BROOKLYN,NY,862-939-9784,,RBLACK@AMGGT.COM,
13322025,DHANPAL,RICHARD,,,7/15/1999,M,869-89-2089,12028 218 ST,PH,11411,,,CAMBRIA HEIGHTS,NY,732-548-5153,,,
,,,,,,,,,,,,,,,,,,
15571320,BUNCH,SISSY ,,,10/15/1964,F,,,,,,1132946,,,609-108-5780,,,BUNCH
15799185,BUNCH,,,,10/15/1994,F,809-05-2404,,,,,1133140,,,609-108-5780,,,
,,,,,,,,,,,,,,,,,,
15426615,RIOS,RAY,,,12/7/1996,M,882-22-4772,4617 AVENUE L,,11234,,,BROOKLYN,NY,908-270-7534,908-270-7534,,
15677126,RIOS,GERALDINE,,,12/7/1996,F,882-22-4772,,,,,,,,908-803-3917,908-803-3917,,
,,,,,,,,,,,,,,,,,,
15804418,WIEDERSUM,BROOKELYNN,,,8/12/1957,F,819-35-9693,120 BARUCH DRIVE,,10002,,103353,NEW YORK,NY,,,,
15989859,MAURER,TAYLOR,MARGARET,,8/12/1957,F,819-35-9693,,,,,103262,,,845-459-2312,845-459-2312,,
,,,,,,,,,,,,,,,,,,
15719044,PARKER,DONNA,J,,4/23/1951,F,836-40-7677,6 STREET NICHOLAS TERRANCE,15,10027,,470710,NEW YORK,NY,,,DPARKER@AMGGT.COM,
15930172,PARKER,RONNIE,A,,4/23/1951,M,836-40-7677,,,,,470738,,,609-127-7035,609-127-7035,,
,,,,,,,,,,,,,,,,,,
15429573,SALAMANCA,KIERA,,,8/28/1931,F,878-30-7895,,,,,1421700,,,908-632-5971,908-632-5971,,KIERA CALLAHAN
15997763,ROBINSON,KIERA,JUDY,,8/28/1931,,878-30-7895,3547 64TH STREET,3G,11377,,1421819,WOODSIDE,NY,,,KROBINSON@AMGGT.COM,
,,,,,,,,,,,,,,,,,,
15395070,HACKETT,ANNA,LYNN,,7/16/1993,F,820-76-5173,140 EISTEIN LOOP,,,,907937,,,845-656-9581,845-656-9581,AHACKETT@AMGGT.COM,
15766704,HACKETT,WILLIAM,,,7/16/1993,M,820-76-5173,140 EINSTEIN LOOP,,,,907613,,,848-865-6427,848-865-6427,,
,,,,,,,,,,,,,,,,,,
15432856,NEAL,CAMREN,,,6/4/1958,M,826-91-5637,,,,,494018,,,570-594-7640,570-594-7640,,
15460655,NEAL,ROSE,,,6/4/1958,F,826-91-5637,652 WILLOUHGBY AVENUE,45C,11206,,493945,BROOKLYN,NY,973-406-8065,973-406-8065,,
,,,,,,,,,,,,,,,,,,
15776880,ANDRESHAK,TASHA,,,8/19/1958,F,800-06-6007,29 EAST MOSHOLU PARKWAY,3D,10467,,361099,BRONX,NY,610-354-7994,610-354-7994,,
15871889,PARK,SARA,A,,8/19/1958,F,800-06-6007,,,,,361081,,,570-325-7442,570-325-7442,SPARK@AMGGT.COM,
,,,,,,,,,,,,,,,,,,
15496038,LANGSTON,SAMANTHA,,,9/6/1991,F,839-91-9630,,,,,562241,,,201-498-2230,201-498-2230,,
15832853,LANGSTON,CAMERON,JAMAL,,9/6/1991,M,839-91-9630,374 E49TH STREET,10D,11203,,562249,BROOKLYN,NY,631-301-7058,631-301-7058,CLANGSTON@AMGGT.COM,
,,,,,,,,,,,,,,,,,,
15856868,VAUGHN,ANGELEA,,,8/6/2001,F,883-97-0605,,,,,665985,,,201-610-9041,631-696-8477^^201-610-9041,,
15933924,VAUGHN,AIDEN,PATRICK,,8/6/2001,M,883-97-0605,6322 NEW UTRECHT AVENUE,2,11219,,666004,BROOKLYN,NY,609-894-7532,609-894-7532,AVAUGHN@AMGGT.COM,
,,,,,,,,,,,,,,,,,,
15889358,HOUGHTON,TRINITY,L,,2/14/1991,F,870-71-8914,,,,,,,,848-283-8875,848-283-8875,,
15976061,HOUGHTON,JOSEPH,,,2/14/1991,M,870-71-8914,85 EAST MOSHOLU PARKWAY N,3F,10467,,,BRONX,NY,516-584-1203,516-584-1203,,
,,,,,,,,,,,,,,,,,,
15489981,MACKINLAY,EDWARD,,,12/24/1928,M,817-29-9420,,,,,175826,,,,,,
15995983,MACKINLAY,KENNETH,WILLIAM,,11/24/1928,M,817-29-9420,1004 BEVERLY ROAD,,11218,,175734,BROOKLYN,NY,959-809-5402,959-809-5402,KMACKINLAY@AMGGT.COM,
,,,,,,,,,,,,,,,,,,
15674305,NEGRON,ELIYAH,CARMELLA,,12/29/2003,F,811-85-8959,,,,,,,,908-114-1735,908-114-1735,,
15950319,NEGRON,ANDREW,,,12/29/2003,M,811-85-8959,,,,,,,,732-428-5375,732-428-5375,,
,,,,,,,,,,,,,,,,,,
15453620,GIVENS,JENNIFER,,,10/7/1939,F,821-41-1695,,,,,675600,,,848-123-9260,848-123-9260,,
15715155,GIVENS,NICHOLAS,,,10/7/1939,M,821-41-1695,990 MONTGOMERY STREET,1E,11203,,675633,BKLYN,NY,848-138-9250,848-138-9250,,
,,,,,,,,,,,,,,,,,,
15613383,BEGUM,ALTAGRACIA,,,6/4/1973,F,822-44-4703,,,,,115897,,,347-668-8559,347-668-8559,,
15831432,HOOBLAL,ASHLEY,,,6/4/1973,F,822-44-4703,420 W 19TH STREET,4EL,10011,,115853,BROOKLYN,NY,201-982-1438,201-982-1438,,
,,,,,,,,,,,,,,,,,,
15527113,MESSINA,VERONICA,,,12/8/2001,F,863-67-5428,,,,,651947,,,212-859-4099,212-859-4099,,
15990652,MESSINA,BRANDON,PHILIP,,12/8/2001,M,863-67-5428,390 9TH AVENUE,,10001,,651996,NEW YORK,NY,718-326-5775,718-326-5775,,
,,,,,,,,,,,,,,,,,,
15806530,RUSSELL,JAMES,,,12/11/2007,M,803-18-1488,,,,,669494,,,609-112-1384,609-112-1384,,
15862249,RUSSELL,NORA,STEPHANIE,,12/11/2007,F,803-18-1488,405 WILLIAMS AVENUE,6B,11207,,669512,BROOKLYN,NY,,,,
,,,,,,,,,,,,,,,,,,
15028889,SANCHEZ,SARA,,,5/1/1967,F,888-13-6458,PO BOX 20881,,10009,,,NEW YORK,NY,484-886-3043,,,
15028893,SANCHEZ,MARCUS,,,3/4/2002,M,888-13-6458,16430 HILLSIDE AVE,,11434,,,JAMAICA,NY,908-614-9084,,,ROBERT JEAN SANTIAGO
,,,,,,,,,,,,,,,,,,
15664752,MARTIN,KAREN,DANIELLECRYSTAL,,12/1/2008,F,895-51-7742,,,,,601003,,,610-270-5471,610-270-5471,,
15902949,MARTIN,LEWIS,,,12/1/2008,M,895-51-7742,,,,,601047,,,516-894-2947,516-894-2947,,
,,,,,,,,,,,,,,,,,,
15513355,CORREIA,BRENDA,,,6/1/1921,F,823-42-6296,1214 BOYNTON AVENUE,4,10472,WILKES,411261,BRONX,NY,516-667-1620,516-667-1620,BCORREIA@AMGGT.COM,
15607371,CORREIA,WILLIAM,,,6/1/1921,M,823-42-6296,,,,,411300,,,518-517-2277,518-517-2277,,
,,,,,,,,,,,,,,,,,,
15404197,PORFERT,SHANNON,,,12/18/1995,F,827-31-2604,795 ST NICHOLAS AVENUE,4E,10031,,678589,NEW YORK,NY,934-997-1310,934-997-1310,,
15963150,PORFERT,CURTIS,,,12/18/1995,M,827-31-2604,,,,,678563,,,718-827-3364,718-827-3364,,
,,,,,,,,,,,,,,,,,,
15387049,AVINGER,CHRIS,WHITNEY,,8/19/1939,F,,601 W 139TH STREET,52,10031,,1093435,NEW YORK,NY,934-611-1725,,,
15425607,AVINGER,LORETTA,,,8/18/1939,F,,,,,,1093575,,,934-611-1725,,,
,,,,,,,,,,,,,,,,,,
15579038,KELLY,KAYLA,LUREE,,12/27/1941,F,802-46-6618,3410 GLENWOOD ROAD,BSMT,11210,,679586,BROOKLYN,NY,484-640-2487,484-640-2487,,
15980270,KELLY,JOSHUA,,,12/27/1941,M,802-46-6618,,,,,679573,,,862-756-9064,212-907-6195^^862-756-9064,,
,,,,,,,,,,,,,,,,,,
15749583,CURRY,RAYMOND,JOSEPH,,12/15/1993,M,834-97-3426,,,,,618317,,,201-622-2388,201-622-2388,,LUCAS OSCAR SICKELS
15750426,CURRY,PAULA,,,12/15/1993,F,834-97-3426,672 HENRY STREET,,11207,,618277,BROOKLYN,NY,732-540-6102,732-540-6102,,DANNETTE MISTY PETERSON
,,,,,,,,,,,,,,,,,,
15380023,GREGORY,TAMARIS,L,,6/23/1996,F,845-27-9232,208 SOUTH 1TH STREET,6B,11211,,520128,BROOKLYN,NY,917-943-1059,917-943-1059,,
15527467,GREGORY,DANIQUE,,,6/23/1996,M,845-27-9232,,,,,520096,,,934-679-3128,934-679-3128,,
,,,,,,,,,,,,,,,,,,
15411990,BINGER,JESSICA,IONA,,12/14/1923,F,813-27-7717,553 CLAREMONT PARKWAY,B,10457,,1539777,BRONX,NY,718-228-1885,718-228-1885,,
15950140,MCCALL,JESSICA,,,12/14/1923,U,813-27-7717,,,,,1539835,,,203-841-5434,203-841-5434,,JESSICA MARTIN
,,,,,,,,,,,,,,,,,,
15756883,AHMAD,LUIS,LONNIE,,6/9/1993,M,800-01-8103,,,,,,,,267-608-2370,267-608-2370,,
15816311,AHMAD,ELVIA,,,6/9/1993,F,800-01-8103,10310 114TH STREET,5,11419,RHYNER,728417,RICHMOND HILL,NY,732-962-1597,732-962-1597,EAHMAD@AMGGT.COM,JOYCE MITCHELL
,,,,,,,,,,,,,,,,,,
15517004,SILVA,HELEN,,,4/8/1994,F,890-20-7019,355 EAST 61ST STREET,3A,10008,,251716,NEW YORK,NY,973-700-6603,973-700-6603,HSILVA@AMGGT.COM,
15901480,SILVA,AVA,,,4/9/1994,F,890-20-7019,,,,,251700,,,,,,
,,,,,,,,,,,,,,,,,,
15529209,SANTACROCE,ALEXANDRA,L,,4/19/2001,F,849-98-2876,,,,,902376,,,570-942-8008,570-942-8008,ASANTACROCE@AMGGT.COM,
15583972,SANTACROCE,LARRY,,,4/19/2001,M,849-98-2876,,,,,902427,,,518-615-9976,518-615-9976,,
,,,,,,,,,,,,,,,,,,
15570036,LOGAN,ALAURA,,,3/12/1970,F,806-80-6681,,,,,1294947,,,,,,ALAURA SISCO
15939013,RIVERA,ALAURA,,,3/12/1970,U,806-80-6681,1818 HAZEN STREET,JAIL,11370,,1294862,EAST ELMHURST,NY,973-136-2210,973-136-2210,,
,,,,,,,,,,,,,,,,,,
12708187,TAYLOR,JENNIFER,,,6/6/1922,F,,,,,,712302,,,934-650-2514,,,
14041496,MARCHAND,JENNIFER,BARBARA,,4/2/1989,F,,16 MARLO LANE,,11788,,,HAUPPAUGE,NY,934-650-2514,,JMARCHAND@AMGGT.COM,
,,,,,,,,,,,,,,,,,,
13765807,DUNCAN,DIMAIKYS,,,11/23/2013,F,864-97-1428,138 GRAHAM AVE,3R,11206,LENK,,BROOKLYN,NY,862-896-1460,862-896-1460,DDUNCAN@AMGGT.COM,
13765810,DUNCAN,CLINTON,,,7/2/1962,M,864-97-1428,1933 PALMETTO ST,2R,11385,,,GLENDALE,NY,908-852-4022,,,
,,,,,,,,,,,,,,,,,,
15609016,RUTENBERG,MARGARITA,,,3/22/1991,F,803-98-4301,1788 E 91 STREET,,11236,,639843,BROOKLYN,NY,862-633-9170,862-633-9170,MRUTENBERG@AMGGT.COM,
15944704,RUTENBERG,ENRIQUE,,,3/22/1991,M,803-98-4301,,,,,639782,,,516-184-4615,516-184-4615,,
,,,,,,,,,,,,,,,,,,
14665748,SMITH,DAJUANNA,,,2/12/2000,F,879-93-8960,54 BRISTOL ST,6G,11212,,,BROOKLYN,NY,929-240-3306,,DSMITH@AMGGT.COM,
14665749,SMITH,JOSE,,,7/20/1952,M,879-93-8960,104 51 114 ST,2,11419,,3861538,JAMAICA,NY,848-593-1514,,,
,,,,,,,,,,,,,,,,,,
15816043,GRIFFITHS,MARTHA,,,8/11/1921,F,883-37-0586,,,,,1530336,,,929-153-9158,929-153-9158,,
15933763,HANLEY,KAYLA,M,,8/11/1921,F,883-37-0586,42 RIVINGTON STREET,25,10002,,1530284,NEW YORK,NY,609-701-8704,609-701-8704,,
,,,,,,,,,,,,,,,,,,
12404812,MEMOLI,ROBERT,,,11/9/1956,F,801-58-8629,2073 61ST ST,PVT,11204,,3976437,BROOKLYN,NY,570-619-7081,212-384-8675,RMEMOLI@AMGGT.COM,
12404817,MORALES,ROBERT,,,4/23/1979,M,801-58-8629,71 SCOTT AVENUE,,11729,,3424190,DEER PARK,NY,848-751-1741,,,
,,,,,,,,,,,,,,,,,,
13604293,LAWSON,HELEN,,,7/10/1995,F,855-46-8400,2736 BX PARK E,,10467,,,BRONX,NY,267-552-5998,,HLAWSON@AMGGT.COM,
13604294,LAWSON,LOUIS,,,4/18/2006,M,855-46-8400,15 WINDUS ROAD,,11967,,1901986,SHIRLEY,NY,929-540-9942,,,
,,,,,,,,,,,,,,,,,,
12882904,MORRIS,KAITLIN,,,4/2/1948,F,891-68-1676,1058 SOUTHERN BLVD,402,10459,,,BRONX,NY,631-286-3728,,,
12882909,MORRIS,MICHAEL,S,,11/8/1937,M,891-68-1676,307 EAST 101ST ST,2A,10029,,3974434,NEW YORK,NY,347-923-6785,,,
,,,,,,,,,,,,,,,,,,
15516882,POLK,KEITH,J,,3/16/1949,M,853-48-6408,1993 WASHINGTON AVENUE,PH,10457,SWINK,689584,BRONX,NY,908-565-1833,908-565-1833,KPOLK@AMGGT.COM,
15899828,POLK,SARAH,,,3/16/1949,F,853-48-6408,,,,,689586,,,929-224-5566,929-224-5566,,
,,,,,,,,,,,,,,,,,,
15816427,YATES,SARAH,ROSA,,3/11/1952,F,878-85-4778,345 EAST 33RD STREET,1A,10016,,1351336,NEW YORK,NY,,,,
15989540,YATES,CIERRA,,,3/28/1931,F,878-85-4778,6 HORIZON ROAD,2806,7024,,1351394,NEW JERSEY,NJ,570-918-5937,570-918-5937,,
,,,,,,,,,,,,,,,,,,
15576993,PESCE,CHRISTOPHER,,,6/4/1997,M,857-23-6452,,,,,504863,,,934-420-3528,934-420-3528,,
16004608,PESCE,DANDREA,,,6/4/1997,F,857-23-6452,5611 CLOVER PLACE,4K,11385,JONES,504880,RIDGEWOOD,NY,201-152-6271,201-152-6271,DPESCE@AMGGT.COM,
,,,,,,,,,,,,,,,,,,
15785288,BRINSON,MOSES,LUCAS,,12/13/1921,M,883-40-2668,1230 WEBSTER AVENUE,UNK,10456,,545202,BRONX,NY,,,MBRINSON@AMGGT.COM,
15842959,BRINSON,ANISA,,,12/13/1921,U,883-40-2668,,,,,545148,,,929-608-9170,929-608-9170,,
,,,,,,,,,,,,,,,,,,
15624567,BAXTER,LEE,,,11/1/1994,F,828-80-2925,,,,,850935,,,718-358-5501,718-358-5501,,
15778196,BAXTER,JOSHUA,DAVID,,11/1/1994,M,828-80-2925,3523 86TH STREET,3F,11372,,850714,JACKSON HEIGHTS,NY,732-766-8682,610-843-8147^^732-766-8682,,
,,,,,,,,,,,,,,,,,,
15910884,GREEN,SERENA,MAE,,2/14/1933,F,866-48-6602,9715 HORACE HARDIN,5L,11368,,101523,QUEEN,NY,212-549-5787,212-549-5787,,
15970569,CRANE,KENNEDY,,,2/14/1933,F,866-48-6602,,,,,101586,,,,,,
,,,,,,,,,,,,,,,,,,
15038633,BAILEY,GEMMA,,,9/17/1948,F,895-60-1437,01 KEENER BUILDING,,10035,,,NEW YORK,NY,203-509-8037,,GBAILEY@AMGGT.COM,
15038636,BAILEY,NORMAN,MARIO,,,M,895-60-1437,8 VANBUREN AVENUE,,11720,,1614538,CENTEREACH,NY,908-487-5494,908-487-5494,,
,,,,,,,,,,,,,,,,,,
15513768,BRODER,JOSE,WILFRED,,12/22/2003,M,831-06-7842,,,,,,,,201-508-8257,848-143-2900^^201-508-8257,,
15845516,BRODER,LEXI,,,12/22/2003,F,831-06-7842,,,,,,,,518-938-4302,518-938-4302,LBRODER@AMGGT.COM,
,,,,,,,,,,,,,,,,,,
14085596,GONZALEZ,DEIDRE,,,10/25/1978,F,884-78-5254,19401 113TH AVE,PH,11412,,,ST ALBANS,NY,518-735-4397,,,
14085601,GONZALEZ,TERENCE,,,9/28/1994,M,884-78-5254,609 BRADFORD ST,1FL,11204,,777568,BROOKLYN,NY,267-238-1031,,,
,,,,,,,,,,,,,,,,,,
14862420,KANAVY,BRITTANY,,,4/29/1983,F,839-29-8976,75 ANN DRIVE,,11520,,,FREEPORT,NY,862-165-8798,212-861-3381,,
14862421,BRESKIN,MICHAEL,,,4/29/1983,M,839-29-8976,126 ALBANY AVE,513D,11203,,,BROOKLYN,NY,934-927-7837,,,
,,,,,,,,,,,,,,,,,,
15580678,THOMPSON,ANETTE,,,10/27/1982,F,890-91-8519,2200 POWELL AVENUE,,,,4844445,,,,,,ANETTE SERGIO THOMPSON
16012041,THOMPSON,ESTATEOFCARLOS,SERGIO,,6/15/1980,M,890-91-8519,2200 POWELL AVENUE,,,,4844435,,,551-313-5604,551-313-5604,,
,,,,,,,,,,,,,,,,,,
15729514,YOUNGBLOOD,MARIELLE,,,6/25/1991,F,870-76-4439,,,,,547019,,,570-764-1288,570-764-1288,,
16024124,YOUNGBLOOD,ANTONIO,MARK,,6/25/1991,M,870-76-4439,,,,,547033,,,212-380-1809,212-380-1809,,
,,,,,,,,,,,,,,,,,,
15669554,GUTIERREZ,RICHARD,DAVID,,7/18/2004,M,816-28-5326,,,,,670916,,,201-234-8889,201-234-8889,,
15941544,GUTIERREZ,JAYLAH,,,7/18/2004,F,816-28-5326,,,,,670922,,,929-977-5665,929-977-5665,,
,,,,,,,,,,,,,,,,,,
15552957,RODRIGUEZ,FRANKIE,,,12/3/1933,M,891-78-8302,,,,,577208,,,631-297-2557,631-297-2557,,
15900545,RODRIGUEZ,ETHEL,,,12/3/1933,F,891-78-8302,1726 2ND AVENUE,5N,10128,,577191,NEW YORK,NY,848-610-1430,848-610-1430,,
,,,,,,,,,,,,,,,,,,
15523847,HEPWORTH,MARK,DAVID,,12/13/1995,M,806-36-0168,653 ST LAWRENCE AVENUE,PH,10473,STEWARD,,BRONX,NY,,,MHEPWORTH@AMGGT.COM,
15946914,HEPWORTH,CHERYL,,,12/13/1995,F,806-36-0168,723 ROSEDALE AVENUE,,,,,,,862-807-3147,862-807-3147,,
,,,,,,,,,,,,,,,,,,
15746382,LPEJA,DERRICK,,,12/11/1989,M,895-95-2453,57 REMSEN AVENUE,,11212,,671866,BROOKLYN,NY,908-717-6356,908-717-6356,DLPEJA@AMGGT.COM,
15983204,LPEJA,BROOKE,,,12/11/1989,F,895-95-2453,,,,,671918,,,732-761-6742,732-761-6742,,
,,,,,,,,,,,,,,,,,,
15314675,GIACCONE,GINA,,,2/18/1990,F,864-04-2968,1825 BRUCKNER BLVD,3A,10472,,,BRONX,NY,929-242-4418,,GGIACCONE@AMGGT.COM,
15314681,DEFINO,NICKOLAS,,,2/18/1990,M,864-04-2968,755 FENIMORE ST,6A,11203,,4014751,BROOKLYN,NY,484-919-6145,,,
,,,,,,,,,,,,,,,,,,
15582500,MONDAZZI,ROGELIO,,,12/26/1961,M,885-88-9497,,,,,313977,,,908-132-8622,908-132-8622,RMONDAZZI@AMGGT.COM,
15942107,MONDAZZI,ROBERT,,,11/26/1961,M,885-88-9497,,,,,314014,,,,,,
,,,,,,,,,,,,,,,,,,
15800610,ARGALL,LAYLA,,,12/16/2001,F,895-16-3811,,,,,499224,,,,,LARGALL@AMGGT.COM,
15822854,ARGALL,LUIS,,,12/16/2001,M,895-16-3811,,,,,499170,,,631-835-1131,631-835-1131,,
,,,,,,,,,,,,,,,,,,
13056822,JAMES,JODIANN,,,3/2/1951,F,807-44-6126,23614 BENTLEY RD,PVT,11422,,3144629,ROSEDALE,NY,551-280-1428,,,
13056824,JAMES,PABLO,THOMAS,,5/17/1967,M,807-44-6126,1414 HAZEN ST,,11373,,821297,FLUSHING,NY,631-754-8789,,,
,,,,,,,,,,,,,,,,,,
15684673,CAPOGNA,ZACHARY,ERVIN,,12/15/1920,M,845-33-9615,,,,,495183,,,516-896-7310,516-896-7310,,
15813657,CAPOGNA,JORDEN,,,12/15/1920,F,845-33-9615,16345 PHROANE AVENUE,PH,11433,,495190,JAMAICA,NY,,,JCAPOGNA@AMGGT.COM,
,,,,,,,,,,,,,,,,,,
15465437,KOHLWECK,AMELIA,LEIGH,,10/27/1924,F,864-35-5091,,,,,4882183,,,,,,
15773630,KOHLWECK,JANET,,,4/21/1943,F,864-35-5091,2460 DAVIDSON AVENUE,24A,10468,,4882171,BRONX,NY,484-181-6969,484-181-6969,,JANET LEIGH KOHLWECK
,,,,,,,,,,,,,,,,,,
15440088,TURRILL,WILLIAM,KARL,,2/22/1993,M,838-21-3927,16601 LINDEN BOULEVARD,PH,11434,,,JAMAICA,NY,860-944-6295,860-944-6295,,
15690273,TURRILL,KAREN,P,,2/22/1993,F,838-21-3927,,,,,,,,934-614-5942,551-383-8950^^934-614-5942,,
,,,,,,,,,,,,,,,,,,
15570190,GJIKA,LINDA,MARY,,12/27/2006,F,846-08-6517,,,,,1073870,,,718-700-9654,718-700-9654,,
15770154,GJIKA,HANK,,,12/27/2006,M,846-08-6517,57 57 GRANGER STREET,,11368,,1074089,CORONA,NY,860-770-5882,860-770-5882,,
,,,,,,,,,,,,,,,,,,
15426118,MITCHELL,STAR,,,5/7/1962,F,831-44-7772,501W 183RD STREET,6G,10033,,390528,NEW YORK,NY,610-517-6134,610-517-6134,,
15631113,LIBBEY,PATRICIA,,,5/7/1962,F,831-44-7772,,,,,390488,,,929-721-5965,929-721-5965,PLIBBEY@AMGGT.COM,
,,,,,,,,,,,,,,,,,,
15489133,PASSAMANO,TONI,,,12/19/1990,F,851-26-7740,,,,,630512,,,212-336-2738,212-336-2738,,JEANETTE S RICE
15854010,PASSAMANO,ROGER,CHARLES,,12/19/1990,M,851-26-7740,120 ERDMAN PLACE,,10475,,630461,BRONX,NY,551-577-2756,973-733-8185^^551-577-2756,,
,,,,,,,,,,,,,,,,,,
15535418,VAGELATOS,CLAUDIA,E,,10/24/1991,F,864-36-5405,,,,,452018,,,201-717-7717,201-717-7717,,
15621482,VAGELATOS,ZEFERINO,,,10/24/1991,M,864-36-5405,,,,,451963,,,860-353-3489,860-353-3489,ZVAGELATOS@AMGGT.COM,
,,,,,,,,,,,,,,,,,,
15476026,WILLIAMS,SHANNON,LORETTA,,8/17/1994,F,832-60-5070,20 E 18TH STREET,D11,11226,,503350,BROOKLYN,NY,929-894-2118,570-887-1701^^929-894-2118,,
15600441,WILLIAMS,DAVID,,,8/17/1994,M,832-60-5070,,,,,503394,,,631-284-7156,631-284-7156,,
,,,,,,,,,,,,,,,,,,
15413162,BLOWES,ARIANNA,,,3/18/2001,F,824-03-7846,,,,,456337,,,,,,
16021267,BLOWES,AYDEN,ALLEN,,3/18/2001,M,824-03-7846,,,,,456290,,,201-659-8694,201-659-8694,,
,,,,,,,,,,,,,,,,,,
15318533,GARCIA,IRMA,,,3/18/1994,F,881-05-5674,2757 SEDWICK AVE,1F,10453,,,BRONX,NY,484-887-4566,,IGARCIA@AMGGT.COM,
15318536,GARCIA,HOWARD,CLAUDE,,8/26/2003,M,881-05-5674,181 RADIO AVENUE,,11764,,4034355,MILLER PLACE,NY,347-189-3490,,,
,,,,,,,,,,,,,,,,,,
15789094,SAMPLE,CHARLES,PATRICK,,12/1/1925,M,882-77-1038,8918 KATHERINE,PH,23601,,548074,NEWPORT NEWS,VA,,,CSAMPLE@AMGGT.COM,
16007521,SAMPLE,SON,,,12/1/1925,F,882-77-1038,840 ASTOR AVENUE 3A,3A,10468,,548049,BRONX,NY,201-538-8435,201-538-8435,,
,,,,,,,,,,,,,,,,,,
15494078,SHOVER,ELIZABETH,LINDA,,6/15/1927,F,850-76-3943,671 RIDLEY CIRLE,671,23607,,857133,NEWPORT NEW,VA,609-188-5581,609-188-5581,ESHOVER@AMGGT.COM,
15975590,SHOVER,JOSHUA,,,6/15/1927,M,850-76-3943,647 FOX STREET,5B,10455,,856959,BRONX,NY,203-205-4656,862-863-3022^^203-205-4656,,
,,,,,,,,,,,,,,,,,,
15705773,CARNES,MYSTICA,ANNE,,12/24/2002,F,875-59-6610,,,,,889490,,,484-309-9408,484-309-9408,,
15762906,CARNES,ANDREW,,,12/24/2002,M,875-59-6610,1111 HAZEN STREET,,11370,,889684,EAST ELMHURST,NY,732-620-2926,732-620-2926,ACARNES@AMGGT.COM,
,,,,,,,,,,,,,,,,,,
12275994,WILLIAMS,MARGARET,,,8/3/1921,F,877-49-4964,209 JAMAICA AVE,4C,11207,,,BROOKLYN,NY,201-221-8089,,MWILLIAMS@AMGGT.COM,MARGARET ERIC WILLIAMS
12275997,WILLIAMS,JEREMY,ERIC,,11/1/2001,M,877-49-4964,462 FIRST AVE,,10016,,,NEW YORK,NY,934-985-4934,,,
,,,,,,,,,,,,,,,,,,
15427372,GORDON,JOAN,,,12/16/1987,F,804-30-8132,,,,,4799547,,,347-744-6511,,,
15891839,GORDON,VIRGINIA,,,12/16/1977,F,804-30-8132,,,,,4799532,,,267-457-7308,,VGORDON@AMGGT.COM,
,,,,,,,,,,,,,,,,,,
13879896,TORRES,ANGELY,,,9/14/1971,F,823-66-5823,365 PULASKI ST,2C,11206,,,BROOKLYN,NY,860-416-2400,,ATORRES@AMGGT.COM,
13879900,TORRES,WILLIE,,,11/20/1962,M,823-66-5823,4022 67TH ST,B3,11377,,3403220,WOODSIDE,NY,609-300-6827,,,
,,,,,,,,,,,,,,,,,,
15800789,NASO,MIA,ELIZABETH,,3/18/1996,F,823-98-2957,,,,,445712,,,551-111-2148,551-111-2148,,
15828572,NASO,RUBEN,,,3/18/1996,M,823-98-2957,354 MYRTLE AVENUE,3,11205,,445702,BROOKLYN,NY,862-617-8825,862-617-8825,RNASO@AMGGT.COM,
,,,,,,,,,,,,,,,,,,
15440807,PLACHTA,MICKIE,,,7/27/1958,F,815-92-6089,,,,,1590218,,,212-963-6300,212-963-6300,,
15623967,DUDA,RADHIKA,,,7/27/1958,F,815-92-6089,,,,,1590334,,,516-733-6523,516-733-6523,,
,,,,,,,,,,,,,,,,,,
13782369,DAVIS,SHIRLEY,,,1/2/1996,F,825-40-9532,575 EAST 147TH ST,6K,10454,,,BRONX,NY,934-268-8147,,,
13782375,DAVIS,DOMINGO,,,3/30/1945,M,825-40-9532,556 W181ST ST4I,4I,10033,,,NEW YORK,NY,732-956-8633,,,
,,,,,,,,,,,,,,,,,,
15623051,JOHNSON,QWAMAE,VANESSA,,3/15/1927,F,824-77-4218,,,,,1525038,,,570-326-8516,570-326-8516,,
15673717,GONZALEZ,SHAWNEECE,,,3/15/1927,F,824-77-4218,,,,,1525049,,,631-143-8558,631-143-8558,,
,,,,,,,,,,,,,,,,,,
15564191,GOLBAN,MARSHALL,,,12/21/2002,M,804-58-2415,,,,,679158,,,347-191-5715,347-184-4942^^347-191-5715,,
15593882,GOLBAN,LISA,,,12/21/2002,F,804-58-2415,618 WILSON AVENUE,12,11207,,679172,BROOKLYN,NY,732-306-9847,732-306-9847,,
,,,,,,,,,,,,,,,,,,
14585625,RAYMOND,GWENDOLYN,,,6/1/1938,F,862-61-6388,115 E 169TH ST,5C,10452,,,BRONX,NY,848-181-5143,,GRAYMOND@AMGGT.COM,
14585632,RAYMOND,BENJAMIN,ARTHUR,,10/17/1980,M,862-61-6388,351 WEST 114TH ST,2B,10026,,4745572,NEW YORK,NY,718-836-2982,,,
,,,,,,,,,,,,,,,,,,
15393510,LINKHORN,AUBRIELLA,,,4/6/1953,F,846-87-1338,,,,,162212,,,267-630-9046,267-630-9046,,
16025706,LINKHORN,EVOLET,,,4/6/1963,F,846-87-1338,,,,,162193,,,212-427-8662,212-427-8662,,
,,,,,,,,,,,,,,,,,,
13261893,JACKSON,JESSICA,,,4/26/1959,F,838-64-1449,310 W 99TH ST,702,10025,,,NEW YORK,NY,860-243-4031,,,
13261899,JACKSON,CHRISTOPHER,,,2/27/2002,M,838-64-1449,1570 WEBSTER AVE,2B,10456,,2951439,BRONX,NY,516-445-9516,,,
,,,,,,,,,,,,,,,,,,
13158751,ROE,KATHLEEN,,,9/14/1991,F,893-26-0266,484 2ND AVE,3-B,10016,,3357842,NEW YORK,NY,201-714-2982,,KROE@AMGGT.COM,
13158756,JACOBSON,EDUARDO,BRADLEY,,9/14/1991,M,893-26-0266,635 EAST 23 ST,PH,11210,,1015672,BROOKLYN,NY,570-512-4787,,,
,,,,,,,,,,,,,,,,,,
14410362,HUNT,JENNIFER,,,1/17/1960,F,838-53-3017,784 EAST TREMONT,2C,10460,,,BRONX,NY,908-157-9725,,,
14410365,HUNT,PHILIP,,,4/23/2013,M,838-53-3017,80 RDG ST,,10002,,865716,NEW YORK,NY,212-442-2867,,,
,,,,,,,,,,,,,,,,,,
15849544,ALTESI,COURTNEY,MARIE,,12/2/1999,F,830-44-8152,,,,,541716,,,973-171-6483,973-171-6483,,
16023312,ALTESI,BILLY,,,12/2/1999,M,830-44-8152,,,,,541710,,,908-953-1823,908-953-1823,,
,,,,,,,,,,,,,,,,,,
15558623,HAYES,RILEY,,,7/13/1997,M,869-84-7333,,,,,1427317,,,929-164-7879,929-164-7879,RHAYES@AMGGT.COM,
15695997,BROWN,EZEQUIEL,,,7/13/1997,M,869-84-7333,2230 UNIVERSITY AVENUE,3F,10468,,1427273,BRONX,NY,551-474-4097,551-474-4097,,
,,,,,,,,,,,,,,,,,,
15531585,GODDEN,KAIMANA,BRIAN,,11/10/2008,M,848-32-2363,,,,,502425,,,203-773-6245,203-773-6245,,
15849260,GODDEN,ANAVEY,,,11/10/2008,F,848-32-2363,11009 164 STREET,2FL,11433,,502437,JAMAICA,NY,845-392-2724,845-392-2724,,
,,,,,,,,,,,,,,,,,,
15653536,REISWIG,MARIA,XEAN,,12/23/1993,F,852-51-4308,,,,,448134,,,631-213-9803,631-213-9803,,
15695607,REISWIG,MARCUS,DEAN,,12/23/1993,M,852-51-4308,,,,,448149,,,845-631-5461,845-631-5461,,
,,,,,,,,,,,,,,,,,,
15453840,RIDER,JANET,,,2/24/1944,U,,,,,,4802925,,,862-351-2695,,JRIDER@AMGGT.COM,
15574953,RIDER,JANET,,,2/24/1997,F,844-96-6390,,,,,4802914,,,862-351-2695,,,
,,,,,,,,,,,,,,,,,,
15558966,ACRICHE,NANCY,,,12/27/1991,F,887-41-1211,514 QUADDICK TOWN,N,6277,,,THOMPSON,CT,203-224-1049,203-224-1049,,
15742306,ACRICHE,CRAIG,PAUL,,12/27/1991,M,887-41-1211,114 RIDGE STREET,3F,10002,,,NEW YORK,NY,732-384-2829,973-607-1912^^732-384-2829,,
,,,,,,,,,,,,,,,,,,
14234715,SMITH,DOROTHY,,,1/25/1970,F,843-81-1490,911 WALTON AVE,5G,10452,WILLIAMS,2196040,BRONX,NY,929-836-9512,,DSMITH@AMGGT.COM,
14234719,SMITH,JOSE,MONTE,,9/14/2008,M,843-81-1490,6755 110TH ST,,11234,,2547686,BROOKLYN,NY,484-400-2638,,,
,,,,,,,,,,,,,,,,,,
15682724,MARTINEZ,TOMMIE,CHRISTOPHER,,2/17/1999,M,833-88-2326,2559 GRAND CONCOURSE,2A,10468,,689487,BRONX,NY,484-941-8073,484-941-8073,,
15708252,MARTINEZ,DANIELA,,,2/17/1999,U,833-88-2326,,,,,689504,,,201-817-8620,201-817-8620,,
,,,,,,,,,,,,,,,,,,
15577455,KILFOYLE,KENDRA,,,7/11/1990,F,823-30-5255,,,,,1184023,,,212-117-4907,212-117-4907,,BEATRICE S SWANSON
15902701,KILFOYLE,DALE,,,7/11/1990,M,823-30-5255,,,,,1183867,,,570-487-2701,570-487-2701,,
,,,,,,,,,,,,,,,,,,
15493796,CHRISTOFI,MARIA,,,5/18/2008,F,826-77-1831,,,,,116481,,,973-117-2290,973-117-2290,MCHRISTOFI@AMGGT.COM,
15702360,TURLEY,RITA,,,5/18/2008,F,826-77-1831,,,,,116459,,,934-273-2123,934-273-2123,,
,,,,,,,,,,,,,,,,,,
15898656,FILLYAW,NESTOR,,,12/5/1996,M,852-53-0857,272 EAST 7TH STREET,4D,10009,,910218,NEW YORK,NY,929-818-9517,929-818-9517,NFILLYAW@AMGGT.COM,
15959348,FILLYAW,SHAMSUN,M,,12/5/1996,F,852-53-0857,368 GREEN BAY ROAD,,60022,,910141,CHICAGO,IL,212-909-5139,862-941-1293^^212-909-5139,,
,,,,,,,,,,,,,,,,,,
15383495,KUCHERA,KATELYN,,,6/6/2008,F,814-89-2797,,,,,405500,,,929-330-7118,929-330-7118,,
15619289,KUCHERA,JOSE,KEITH,,6/6/2008,M,814-89-2797,6721 FRESHMEDOW LANE,PVT,11365,,405549,FRESH MEADOWS,NY,862-907-1762,862-907-1762,,
,,,,,,,,,,,,,,,,,,
15768737,BLANEY,REYNALDO,ALLEN,,12/12/1994,M,884-69-0181,,,,,484416,,,267-733-7697,267-733-7697,,
15896802,BLANEY,KELLI,,,12/12/1994,F,884-69-0181,652 HENDRIX STREET,PVT,11207,,484454,BKLYN,NY,845-113-5559,845-113-5559,KBLANEY@AMGGT.COM,
,,,,,,,,,,,,,,,,,,
14733036,TAYLOR,CHAYLA,,,5/7/1995,F,889-29-4032,2280 BATHGATE AVE,5A,10456,,,BRONX,NY,848-135-3640,,,
14733041,TAYLOR,DAVID,,,10/6/2012,M,889-29-4032,8264 164 ST,,11432,,,JAMAICA,NY,862-409-1453,,,
,,,,,,,,,,,,,,,,,,
15725661,ROSILLO,AMANDA,,,11/23/1960,F,806-57-5031,96 ELDERT STREET,PH,11207,REILLY,492115,BROOKLYN,NY,203-378-2982,203-378-2982,AROSILLO@AMGGT.COM,
15915761,ROSILLO,TROY,DAVID,,11/23/1960,M,806-57-5031,,,,,492088,,,732-271-1228,732-271-1228,,
,,,,,,,,,,,,,,,,,,
15674397,CALCANO,PATRICIA,,,5/22/1998,F,848-10-8582,,,,,687913,,,201-363-7416,201-363-7416,PCALCANO@AMGGT.COM,
15849265,CALCANO,RICHARD,,,5/22/1998,M,848-10-8582,3332 PARSALL AVENUE,PH,10469,,687938,BRONX,NY,732-892-2055,732-892-2055,,
,,,,,,,,,,,,,,,,,,
15610110,MORENO,CELIA,,,12/11/2005,F,889-73-7053,,,,,674504,,,973-494-1090,973-494-1090,,
15771809,MORENO,TYLER,WILLIAM,,12/11/2005,M,889-73-7053,,,,,674535,,,718-655-4562,718-655-4562,,
,,,,,,,,,,,,,,,,,,
15433575,CROSSDALE,KYA,,,9/4/1953,F,891-64-6707,286 FOUNTAIN AVENUE,1FL,11208,,521697,BROOKLYN,NY,848-799-6349,848-799-6349,,
15929892,CROSSDALE,DAUNTE,LEE,,9/4/1953,M,891-64-6707,,,,,521664,,,609-486-4721,609-486-4721,,
,,,,,,,,,,,,,,,,,,
15431208,TAYLOR,AMANDA,,,11/8/1972,F,811-77-7553,,,,,1592351,,,917-599-1731,917-599-1731,,
15469662,MCCARTHY,MORGAN,,,11/8/1972,F,811-77-7553,,,,,1592476,,,347-338-5867,347-338-5867,MMCCARTHY@AMGGT.COM,
,,,,,,,,,,,,,,,,,,
15727656,TAYLOR,TASHA,FLORENCE,,6/21/2005,F,838-47-7993,1382 STJHONS PLACE,11,11213,,206793,BROOKLYN,NY,732-142-2004,732-142-2004,,
15974313,WHITEHURST,DEANDRA,,,6/21/2005,F,838-47-7993,,,,,206779,,,203-939-1829,973-484-6566^^203-939-1829,,
,,,,,,,,,,,,,,,,,,
15535044,CHUN,SHANNA,CAROL,,11/25/1975,F,849-51-3927,100 VANDERVEER STREET,BH,11207,,1481570,BROOKLYN,NY,,,SCHUN@AMGGT.COM,
15853055,FLAX,SHIQUILA,,,11/25/1975,F,849-51-3927,17127 MUNICH AVENUE,PH,48224,,1481755,DETROIT,IL,959-156-1666,959-156-1666,,
,,,,,,,,,,,,,,,,,,
15667302,CASELLI,ASHLEY,,,12/9/1934,F,812-21-7169,420 W 56TH STREET,18,10019,BOWER,236493,NEW YORK,NY,908-479-8302,908-479-8302,ACASELLI@AMGGT.COM,
15971523,LIPARI,CINDDY,,,12/9/1934,F,812-21-7169,,,,,236415,,,848-311-1880,848-311-1880,,
,,,,,,,,,,,,,,,,,,
15894511,JOHNS,MERCEDEZ,,,12/6/1993,F,860-40-6795,2025 W GRANVILLE AVENUE,,60659,,673765,CHICAGO,IL,929-892-4845,929-892-4845,,
15913123,JOHNS,COREY,ARTHUR,,12/6/1993,M,860-40-6795,607 RUGBY ROAD,3C,11230,,673789,BROOKLYN,NY,934-683-2612,934-683-2612,,
,,,,,,,,,,,,,,,,,,
15626826,ENGLE,CATHY,KIMBERLY,,12/16/1991,F,868-44-9551,,,,,,,,484-710-2469,484-710-2469,,
15781748,ENGLE,WINFRED,,,12/16/1991,M,868-44-9551,,,,,,,,,,,
,,,,,,,,,,,,,,,,,,
15920608,LINSCOTT,RYAN,HAROLD,,12/17/1999,M,893-39-7549,,,,,,,,934-475-1008,934-475-1008,,
15967665,LINSCOTT,TIFFANY,,,12/17/1999,F,893-39-7549,,,,,,,,,,,
,,,,,,,,,,,,,,,,,,
15621333,FERNANDEZ,JERRI,,,8/17/1941,F,829-74-2843,,,,VELASQUEZ,196490,,,203-909-3250,203-909-3250,JFERNANDEZ@AMGGT.COM,
15879749,KLETT,GEORGEANNA,,,8/17/1941,F,829-74-2843,,,,,196425,,,917-347-9020,934-352-9973,,
,,,,,,,,,,,,,,,,,,
15589513,BOURGAULT,OLIVIA,L,,4/8/2002,F,838-11-6429,192 MADISON STREET,3FL,11216,,834634,BROOKLYN,NY,929-725-6400,929-725-6400,OBOURGAULT@AMGGT.COM,
15956391,BOURGAULT,CHRISTOPHER,,,4/8/2002,M,838-11-6429,,,,,833861,,,201-846-4924,201-846-4924,,
,,,,,,,,,,,,,,,,,,
15630794,HAYWOOD,KEVIN,,,3/28/1991,M,884-87-5424,,,,,,,,551-976-9007,551-976-9007,,WILLIAM JAMES MAXWELL
16023943,HAYWOOD,SYLVIA,THERESA,,3/28/1991,F,884-87-5424,424025 HUTCH RIVER PARKWAY,25C,10475,,712588,BRONX,NY,609-131-1632,609-131-1632,,
,,,,,,,,,,,,,,,,,,
15624735,HICKS,JORGE,GEOFFREY,,12/24/1994,M,852-24-3148,2856 BRONX PARK EAST,Z51,10467,,869353,BRONX,NY,,,JHICKS@AMGGT.COM,
15952084,HICKS,VANESSA,,,12/24/1994,F,852-24-3148,,,,,869362,,,848-202-3687,848-202-3687,,
,,,,,,,,,,,,,,,,,,
15414854,SHULTZ,PHILLIP,JOHN,,4/3/1997,M,816-24-2033,,,,,634308,,,934-310-3179,934-310-3179,,
15889793,SHULTZ,LILIANA,,,4/3/1997,F,816-24-2033,4708 GREENPOINT,2FL,11101,,634359,LONG ISLAND CTY,NY,,,,
,,,,,,,,,,,,,,,,,,
15698989,BAILEY,FLOR,SOPHIA,,11/9/1996,F,889-27-3300,17909 145TH DRIVE,PH,11434,,434762,JAMAICA,NY,201-621-7390,201-621-7390,,
15920601,BAILEY,GUADALUPE,LOPHIA,,11/9/1996,M,889-27-3300,,,,,434695,,,973-670-1478,973-670-1478,,
,,,,,,,,,,,,,,,,,,
15652056,LEWIS,SHANNON,B,,8/16/2006,F,894-95-5842,,,,,501083,,,267-602-9257,267-602-9257,,
15801447,LEWIS,MICHAEL,C,,8/16/2006,M,894-95-5842,521 WEST 42ND STREET,5B,10026,,501058,NEW YORK,NY,845-146-3365,845-146-3365,,
,,,,,,,,,,,,,,,,,,
13035394,BROWN,MARIA,TARA,,,F,861-94-2261,574 EAST 26 ST,1C,11210,,,BROOKLYN,NY,570-226-2341,631-392-3896,MBROWN@AMGGT.COM,
13035396,BROWN,KENNETH,,,1/5/1998,M,861-94-2261,10 ARGON STREET,,11717,,1704242,BRENTWOOD,NY,212-976-8963,,,
,,,,,,,,,,,,,,,,,,
15858792,SEAY,DAVID,WILLIAM,,12/14/2000,M,874-61-9744,,,,,,,,484-702-9472,631-644-1350^^484-702-9472,,
15863628,SEAY,HILARI,,,12/14/2000,F,874-61-9744,,,,,,,,929-283-9956,929-283-9956,,
,,,,,,,,,,,,,,,,,,
12345577,JOHNSON,CHRISTINE,,,7/20/1947,F,836-54-4622,14 JOYCE DRIVE,,11788,,,HAUPPAUGE,NY,908-813-8646,,CJOHNSON@AMGGT.COM,
12345578,JOHNSON,CALVIN,,,1/30/1997,M,836-54-4622,2425 NOSTRAND AVE,228,11210,,,BROOKLYN,NY,959-801-6395,908-813-8646,,
,,,,,,,,,,,,,,,,,,
15454772,APELSINOV,NIKKI,,,10/19/1969,F,886-61-6117,7020 PARSONS BOULEVARD,1A,11365,,272124,FLUSHING,NY,862-521-3922,862-521-3922,NAPELSINOV@AMGGT.COM,
15653410,APELAINOV,TAMEKA,,,10/19/1969,,886-61-6117,,,,,272152,,,516-264-1604,551-530-5787^^516-264-1604,,
,,,,,,,,,,,,,,,,,,
15687620,CHAPMAN,AGUSTIN,,,9/21/1998,M,861-17-3945,,,,,1110983,,,570-675-8127,570-675-8127,,
15842289,CHAPMAN,SUSAN,,,9/21/1998,F,861-17-3945,322 E 197 STREET,PH,10458,,1111053,BRONX,NY,,,SCHAPMAN@AMGGT.COM,
,,,,,,,,,,,,,,,,,,
15551340,TRUJILLO,VERN,,,6/14/1997,M,869-40-0810,738 FENIMORE STREET,A6,11213,,424947,BROOKLYN,NY,845-321-1211,845-321-1211,,
15702585,TRUJILLO,JEANNINE,,,6/14/1997,F,869-40-0810,,,,,424943,,,,,,
,,,,,,,,,,,,,,,,,,
15595692,BOHNER,ANNA,,,12/3/1944,F,829-07-5851,,,,,341476,,,212-614-6432,631-115-4612^^212-614-6432,,
15609853,BOHNER,JESSICA,,,12/4/1944,F,829-07-5851,,,,,341438,,,973-480-3869,973-480-3869,JBOHNER@AMGGT.COM,
,,,,,,,,,,,,,,,,,,
13537399,BARRETT,MONIQUE,ANNMARIE,,9/17/1971,F,879-79-9123,MABON BLDG 13,,10035,,2277349,NEW YORK,NY,203-458-4330,,MBARRETT@AMGGT.COM,
13537403,BARRETT,JALEEK,,,6/16/1926,M,879-79-9123,765 55TH STREET,,11220,,4450488,BROOKLYN,NY,267-195-7889,,,
,,,,,,,,,,,,,,,,,,
13070815,SMITH,ELLEN,K,,4/17/1944,F,863-45-3041,5115 TILDEN AVE,PVT,11203,,,BROOKLYN,NY,518-280-9180,,,
13070820,SMITH,ALFRED,ANTHONY,,7/1/1980,M,863-45-3041,UNDOMICILED,XX,10025,,3073956,NEW YORK,NY,718-812-4277,,,
,,,,,,,,,,,,,,,,,,
15480611,LEE,DARRELL,,,3/1/1992,M,812-83-6893,,,,,660894,,,917-978-8045,917-978-8045,,
15529686,LEE,DEBRA,,,3/1/1992,F,812-83-6893,13715 170 STREET,PH,11434,,660918,JAMAICA,NY,484-883-5252,484-883-5252,,
,,,,,,,,,,,,,,,,,,
15491735,NGUYEN,AMRA,JOSIE,,11/5/1963,F,854-28-5555,1645 FIRST AVENUE,2,10029,,314459,NEW YORK,NY,718-744-2254,718-744-2254,ANGUYEN@AMGGT.COM,
15928652,NGUYEN,GEMINI,,,11/4/1963,F,854-28-5555,,,,,314498,,,,,,
,,,,,,,,,,,,,,,,,,
14501288,HARLEY,JOHN,,,3/13/1922,F,,10923 156TH ST,PH,11433,,,JAMAICA,NY,845-204-1912,203-231-9147,JHARLEY@AMGGT.COM,
14501290,NIX,JOHN,RAYMOND,,6/29/1953,M,851-27-2248,434 EAST 115TH ST,1-C,10029,,2497221,NEW YORK,NY,203-231-9147,,,JOHN DAVIS
,,,,,,,,,,,,,,,,,,
13668676,SMITH,CAROLYN,JOYCE,,4/8/1998,F,853-34-3570,6048 DELAFIELD AVE,BSMT,10471,,2110207,BRONX,NY,212-580-4689,,,
13668681,SMITH,STEVEN,CEDRICK,,5/29/1986,,853-34-3570,9103 48TH AVE,,11373,,442308,ELMHURST,NY,212-207-7588,,,
,,,,,,,,,,,,,,,,,,
15938549,MYLES,GERDA,EDNA,,12/25/1987,F,886-56-6006,162 TROY AVENUE,,11213,,1502199,BROOKLYN,NY,516-529-7108,516-529-7108,GMYLES@AMGGT.COM,
15976833,CALLAWAY,KATHY,,,12/25/1987,F,886-56-6006,,,,,1502198,,,959-367-4228,959-367-4228,,
,,,,,,,,,,,,,,,,,,
15663680,WARNOCK,VICKY,,,12/8/2000,F,821-97-2282,,,,,881755,,,610-483-4265,610-483-4265,,
15813600,WARNOCK,GERALD,B,,12/8/2000,M,821-97-2282,914 HOE AVENUE,4C,10459,,882251,BRONX,NY,908-130-1481,908-130-1481,,
,,,,,,,,,,,,,,,,,,
15586706,PARKER,MYRA,,,9/20/1992,F,845-19-0504,21 SPRING STREET 40,,10012,,632836,NEW YORK,NY,860-856-4880,860-856-4880,,
15937129,PARKER,EDWARD,,,9/20/1992,M,845-19-0504,,,,,632909,,,201-364-7876,201-364-7876,EPARKER@AMGGT.COM,
,,,,,,,,,,,,,,,,,,
15417848,MOLINARO,ELIANA,,,12/3/2001,F,895-53-2180,,,,LEWITTES,502612,,,929-913-4091,929-913-4091,EMOLINARO@AMGGT.COM,
15811312,MOLINARO,AUSTIN,MICHAEL,,12/3/2001,M,895-53-2180,,,,,502611,,,718-659-4759,718-659-4759,,
,,,,,,,,,,,,,,,,,,
15567626,STITH,MARY,BARBARA,,12/6/1933,F,800-57-1766,2569 PROSPECT PLACE,5A,11233,,679974,BROOKLYN,NY,934-795-4456,934-795-4456,MSTITH@AMGGT.COM,
15693454,STITH,CHARLES,,,12/6/1933,M,800-57-1766,,,,,679944,,,973-371-5738,973-371-5738,,
,,,,,,,,,,,,,,,,,,
15443017,CARREON,VICTOR,VINCENT,,3/15/2007,M,878-87-2583,486 CHAUNCEY STREET 1FL,,11233,,674454,BROOKLYN,NY,516-211-9080,516-211-9080,VCARREON@AMGGT.COM,
15820091,CARREON,SHANNON,,,3/15/2007,F,878-87-2583,,,,,674436,,,201-727-2193,201-727-2193,,
,,,,,,,,,,,,,,,,,,
13702539,RODRIGUEZ,JAMIE,,,5/22/2003,F,806-13-0759,96 STOCKHOLM ST,1FL,11221,,,BROOKLYN,NY,845-707-1714,,JRODRIGUEZ@AMGGT.COM,
13702540,RODRIGUEZ,JOHN,,,6/20/2010,M,806-13-0759,8909 162TH ST,PH,11423,,4513381,HOLLIS,NY,718-137-8054,,,
,,,,,,,,,,,,,,,,,,
15616521,HAMPTON,ALFREDO,,,12/21/1997,M,880-62-7856,,,,,414173,,,,,,
15883927,HAMPTON,WILLIAM,CLAIRE,,12/21/1997,F,880-62-7856,1618 BEVERLY ROAD,,11226,,414111,BROOKLYN,NY,570-612-1544,570-612-1544,,
,,,,,,,,,,,,,,,,,,
14121322,SMITH,BONNIE,L,,8/22/1992,F,892-02-5787,164 WEST 141 ST,1A,10030,,,NEW YORK,NY,848-764-5866,,BSMITH@AMGGT.COM,
14121327,SMITH,HAN,,,2/18/1991,M,892-02-5787,,,,,,,,484-833-7448,,,WILLIAM STEVEN DIAZ
,,,,,,,,,,,,,,,,,,
14792344,BROWN,JANETTE,,,5/8/1999,F,832-82-7351,130 POST AVE,328,10034,,,NEW YORK,NY,212-638-1563,,,
14792350,BROWN,BOY,,,,M,832-82-7351,,,,,3464133,,,516-569-2336,,,
,,,,,,,,,,,,,,,,,,
13187255,RODRIGUEZ,HAYDEE,,,,F,845-40-4235,,,,,,,,845-920-1129,,,
13187257,RODRIGUEZ,RODOLFO,MARK,,,M,845-40-4235,1720 LINDEN ST,,11385,,4573241,GLENDALE,NY,845-242-9021,,,
,,,,,,,,,,,,,,,,,,
14001831,BRYANT,CAYLA,,,6/1/1967,F,,78 WEST 13TH STREET,,11729,RODRIGUEZ,,DEER PARK,NY,570-180-9966,,CBRYANT@AMGGT.COM,
14001836,BRYANT,GORDON,DANIEL,,5/5/1925,M,825-21-4192,2656 DECATUR,4A,10458,,2148802,BRONX,NY,201-278-2082,570-180-9966,,
,,,,,,,,,,,,,,,,,,
12936168,HAY,KAREN,,,3/23/1965,F,873-33-4989,131 BROOME ST,12F,10002,,,NEW YORK,NY,908-902-7849,,,
12936172,BILBREY,CHARLES,,,3/23/1965,M,873-33-4989,38 MNR ST,,6902,,,STAMFORD,CT,518-866-3691,,,
,,,,,,,,,,,,,,,,,,
13230547,WALSH,JUDITH,MARILYN,,7/2/2007,F,,662 E 188TH ST,1,10458,,,BRONX,NY,973-365-3222,860-637-7848,,
13230551,WALSH,WILLIAM,JOSEPH,,5/5/2001,M,,15016 87TH AVE,PH,11432,,,JAMAICA,NY,860-637-7848,,,
,,,,,,,,,,,,,,,,,,
13143434,RODRIGUEZ,,JONI,,6/12/1949,F,880-27-0409,,,,,2175994,,,732-881-3626,,,
13143440,RODRIGUEZ,MALE,,,9/5/1964,M,880-27-0409,681 CLARKSON AVE,BLG9,11203,,4697488,BROOKLYN,NY,201-199-6241,,,
,,,,,,,,,,,,,,,,,,
12592650,TAYLOR,MICHELLE,,,1/9/1993,F,862-65-1264,,,,,,,,732-362-5026,,MTAYLOR@AMGGT.COM,
12592653,TAYLOR,SCOTT,,,1/19/1961,M,862-65-1264,785 MACE AVE,6B,10467,,,BRONX,NY,929-173-1025,,,
,,,,,,,,,,,,,,,,,,
15201998,MALDONADO,BRIANNA,,,11/17/1964,F,842-45-2768,252 E. 7TH ST.,2FL,11218,,,BROOKLYN,NY,908-305-1214,,BMALDONADO@AMGGT.COM,
15202003,MALDONADO,SANG,ARTHUR,,5/6/1920,M,842-45-2768,1480 THIERIOT AVE,,,,,,,609-245-6993,,,
,,,,,,,,,,,,,,,,,,
14534654,CHAVERS,ELIZABETH,,,8/11/2016,F,877-87-6991,8550 LITTLE NCK PKWY,1ST,11001,,,FLORAL PARK,NY,908-564-3814,,ECHAVERS@AMGGT.COM,
14534658,GUNTHER,RICHARD,H,,8/11/2016,M,877-87-6991,3045 KENTUCKY CT,#7,30344,,1526067,ATLANTA,GA,862-936-9947,,,
,,,,,,,,,,,,,,,,,,
14297382,MCLEAN,REGINA,,,6/15/1944,F,898-39-2800,KINGS COUNTY HOSPITAL,,11234,,,,,934-116-7651,,,
14297388,MCLEAN,BRANDON,BOYD,,9/15/1947,M,898-39-2800,1357 WASHINGTON AVE,3E,10456,,,BRONX,NY,934-905-5077,,,
,,,,,,,,,,,,,,,,,,
13816494,JOHNSON,ESTELLA,,,3/5/1997,F,839-51-0592,8104 ROCKAWAY BCH BLVD,7D,11693,BISCHOF,,FAR ROCKAWAY,NY,973-561-5701,,EJOHNSON@AMGGT.COM,
13816500,JOHNSON,VINCENT,WILLIE,,5/19/1928,M,839-51-0592,,,,,4491508,,,959-631-2654,,,
,,,,,,,,,,,,,,,,,,
15035074,WU,LUIPUIYIU,,,9/18/1938,F,864-12-4390,,,,,,,,203-265-2193,,,
15035077,BALBUENA,GERALD,JONATHAN,,9/18/1938,M,864-12-4390,15350 77 AVE,3,11367,,,FLUSHING,NY,929-313-4757,,,
,,,,,,,,,,,,,,,,,,
13253100,JOHNSON,VANDERLEE,,,5/20/1925,F,806-96-0588,1163 SANMATIO,,32909,,2876396,PALM BAY,FL,484-348-5277,,,
13253103,JOHNSON,ARTHUR,FRANCIS,,10/6/1978,M,806-96-0588,MABON BUILDING,,10003,,2844471,NEW YORK,NY,732-490-9042,732-490-9042,,
,,,,,,,,,,,,,,,,,,
12383523,GOODWIN,ROSEMARY,,,5/11/1923,F,809-37-0937,,,,,,,,201-780-8666,,,
12383525,GOODWIN,ROBERT,CAROL,,10/13/1964,M,809-37-0937,80 EAST 93RD ST,B918,11212,,,BROOKLYN,NY,848-279-4724,,,
